check_id,check_syntax,description
216,invalid_count({column_name}) = {threshold}:\n  - valid format: credit card number,"Checks if the invalid count for {column_name} is equal to the given {threshold}, ensuring the format is a standard credit card numbers."
217,invalid_count({column_name}) < {threshold}:\n  - valid format: credit card number,"Checks if the invalid count for {column_name} is less than the given {threshold}, ensuring the format is a standard credit card numbers."
218,invalid_count({column_name}) > {threshold}:\n  - valid format: credit card number,"Checks if the invalid count for {column_name} is exceeds the given {threshold}, ensuring the format is a standard credit card numbers."
219,invalid_count({column_name}) <= {threshold}:\n  - valid format: credit card number,"Checks if the invalid count for {column_name} is less or falls within the given {threshold}, ensuring the format is a standard credit card numbers."
220,invalid_count({column_name}) >= {threshold}:\n  - valid format: credit card number,"Checks if the invalid count for {column_name} exceeds or falls within the given {threshold}, ensuring the format is a standard credit card numbers."
221,invalid_count({column_name}) != {threshold}:\n  - valid format: credit card number,"Checks if the invalid count for {column_name} is not equal to the given {threshold}, ensuring the format is a standard credit card numbers."
222,invalid_count({column_name}) <> {threshold}:\n  - valid format: credit card number,"Checks if the invalid count for {column_name} is not equal to the given {threshold}, ensuring the format is a standard credit card numbers."
223,invalid_count({column_name}) between {threshold}:\n  - valid format: credit card number,"Checks if the invalid count for {column_name} is between the given {threshold}, ensuring the format is a standard credit card numbers."
224,invalid_count({column_name}) not between {threshold}:\n  - valid format: credit card number,"Checks if the invalid count for {column_name} is not between the given {threshold}, ensuring the format is a standard credit card numbers."
225,invalid_count({column_name}) = {threshold}:\n  - valid format: date eu,"Checks if the invalid count for {column_name} is equal to the given {threshold}, ensuring the format is a date: dd/mm/yyyy (excluding time) a date (excluding time): dd/mm/yyyy"
226,invalid_count({column_name}) < {threshold}:\n  - valid format: date eu,"Checks if the invalid count for {column_name} is less than the given {threshold}, ensuring the format is a date: dd/mm/yyyy (excluding time) a date (excluding time): dd/mm/yyyy"
227,invalid_count({column_name}) > {threshold}:\n  - valid format: date eu,"Checks if the invalid count for {column_name} is exceeds the given {threshold}, ensuring the format is a date: dd/mm/yyyy (excluding time) a date (excluding time): dd/mm/yyyy"
228,invalid_count({column_name}) <= {threshold}:\n  - valid format: date eu,"Checks if the invalid count for {column_name} is less or falls within the given {threshold}, ensuring the format is a date: dd/mm/yyyy (excluding time) a date (excluding time): dd/mm/yyyy"
229,invalid_count({column_name}) >= {threshold}:\n  - valid format: date eu,"Checks if the invalid count for {column_name} exceeds or falls within the given {threshold}, ensuring the format is a date: dd/mm/yyyy (excluding time) a date (excluding time): dd/mm/yyyy"
230,invalid_count({column_name}) != {threshold}:\n  - valid format: date eu,"Checks if the invalid count for {column_name} is not equal to the given {threshold}, ensuring the format is a date: dd/mm/yyyy (excluding time) a date (excluding time): dd/mm/yyyy"
231,invalid_count({column_name}) <> {threshold}:\n  - valid format: date eu,"Checks if the invalid count for {column_name} is not equal to the given {threshold}, ensuring the format is a date: dd/mm/yyyy (excluding time) a date (excluding time): dd/mm/yyyy"
232,invalid_count({column_name}) between {threshold}:\n  - valid format: date eu,"Checks if the invalid count for {column_name} is between the given {threshold}, ensuring the format is a date: dd/mm/yyyy (excluding time) a date (excluding time): dd/mm/yyyy"
233,invalid_count({column_name}) not between {threshold}:\n  - valid format: date eu,"Checks if the invalid count for {column_name} is not between the given {threshold}, ensuring the format is a date: dd/mm/yyyy (excluding time) a date (excluding time): dd/mm/yyyy"
234,invalid_count({column_name}) = {threshold}:\n  - valid format: date inverse,"Checks if the invalid count for {column_name} is equal to the given {threshold}, ensuring the format is a date (excluding time): yyyy/mm/dd"
235,invalid_count({column_name}) < {threshold}:\n  - valid format: date inverse,"Checks if the invalid count for {column_name} is less than the given {threshold}, ensuring the format is a date (excluding time): yyyy/mm/dd"
236,invalid_count({column_name}) > {threshold}:\n  - valid format: date inverse,"Checks if the invalid count for {column_name} is exceeds the given {threshold}, ensuring the format is a date (excluding time): yyyy/mm/dd"
237,invalid_count({column_name}) <= {threshold}:\n  - valid format: date inverse,"Checks if the invalid count for {column_name} is less or falls within the given {threshold}, ensuring the format is a date (excluding time): yyyy/mm/dd"
238,invalid_count({column_name}) >= {threshold}:\n  - valid format: date inverse,"Checks if the invalid count for {column_name} exceeds or falls within the given {threshold}, ensuring the format is a date (excluding time): yyyy/mm/dd"
239,invalid_count({column_name}) != {threshold}:\n  - valid format: date inverse,"Checks if the invalid count for {column_name} is not equal to the given {threshold}, ensuring the format is a date (excluding time): yyyy/mm/dd"
240,invalid_count({column_name}) <> {threshold}:\n  - valid format: date inverse,"Checks if the invalid count for {column_name} is not equal to the given {threshold}, ensuring the format is a date (excluding time): yyyy/mm/dd"
241,invalid_count({column_name}) between {threshold}:\n  - valid format: date inverse,"Checks if the invalid count for {column_name} is between the given {threshold}, ensuring the format is a date (excluding time): yyyy/mm/dd"
242,invalid_count({column_name}) not between {threshold}:\n  - valid format: date inverse,"Checks if the invalid count for {column_name} is not between the given {threshold}, ensuring the format is a date (excluding time): yyyy/mm/dd"
243,invalid_count({column_name}) = {threshold}:\n  - valid format: date iso 8601,"Checks if the invalid count for {column_name} is equal to the given {threshold}, ensuring the format is ISO 8601 for date and/or time"
244,invalid_count({column_name}) < {threshold}:\n  - valid format: date iso 8601,"Checks if the invalid count for {column_name} is less than the given {threshold}, ensuring the format is ISO 8601 for date and/or time"
245,invalid_count({column_name}) > {threshold}:\n  - valid format: date iso 8601,"Checks if the invalid count for {column_name} is exceeds the given {threshold}, ensuring the format is ISO 8601 for date and/or time"
246,invalid_count({column_name}) <= {threshold}:\n  - valid format: date iso 8601,"Checks if the invalid count for {column_name} is less or falls within the given {threshold}, ensuring the format is ISO 8601 for date and/or time"
247,invalid_count({column_name}) >= {threshold}:\n  - valid format: date iso 8601,"Checks if the invalid count for {column_name} exceeds or falls within the given {threshold}, ensuring the format is ISO 8601 for date and/or time"
248,invalid_count({column_name}) != {threshold}:\n  - valid format: date iso 8601,"Checks if the invalid count for {column_name} is not equal to the given {threshold}, ensuring the format is ISO 8601 for date and/or time"
249,invalid_count({column_name}) <> {threshold}:\n  - valid format: date iso 8601,"Checks if the invalid count for {column_name} is not equal to the given {threshold}, ensuring the format is ISO 8601 for date and/or time"
250,invalid_count({column_name}) between {threshold}:\n  - valid format: date iso 8601,"Checks if the invalid count for {column_name} is between the given {threshold}, ensuring the format is ISO 8601 for date and/or time"
251,invalid_count({column_name}) not between {threshold}:\n  - valid format: date iso 8601,"Checks if the invalid count for {column_name} is not between the given {threshold}, ensuring the format is ISO 8601 for date and/or time"
252,invalid_count({column_name}) = {threshold}:\n  - valid format: date us,"Checks if the invalid count for {column_name} is equal to the given {threshold}, ensuring the format is a date (excluding time): mm/dd/yyyy"
253,invalid_count({column_name}) < {threshold}:\n  - valid format: date us,"Checks if the invalid count for {column_name} is less than the given {threshold}, ensuring the format is a date (excluding time): mm/dd/yyyy"
254,invalid_count({column_name}) > {threshold}:\n  - valid format: date us,"Checks if the invalid count for {column_name} is exceeds the given {threshold}, ensuring the format is a date (excluding time): mm/dd/yyyy"
255,invalid_count({column_name}) <= {threshold}:\n  - valid format: date us,"Checks if the invalid count for {column_name} is less or falls within the given {threshold}, ensuring the format is a date (excluding time): mm/dd/yyyy"
256,invalid_count({column_name}) >= {threshold}:\n  - valid format: date us,"Checks if the invalid count for {column_name} exceeds or falls within the given {threshold}, ensuring the format is a date (excluding time): mm/dd/yyyy"
257,invalid_count({column_name}) != {threshold}:\n  - valid format: date us,"Checks if the invalid count for {column_name} is not equal to the given {threshold}, ensuring the format is a date (excluding time): mm/dd/yyyy"
258,invalid_count({column_name}) <> {threshold}:\n  - valid format: date us,"Checks if the invalid count for {column_name} is not equal to the given {threshold}, ensuring the format is a date (excluding time): mm/dd/yyyy"
259,invalid_count({column_name}) between {threshold}:\n  - valid format: date us,"Checks if the invalid count for {column_name} is between the given {threshold}, ensuring the format is a date (excluding time): mm/dd/yyyy"
260,invalid_count({column_name}) not between {threshold}:\n  - valid format: date us,"Checks if the invalid count for {column_name} is not between the given {threshold}, ensuring the format is a date (excluding time): mm/dd/yyyy"
261,invalid_count({column_name}) = {threshold}:\n  - valid format: decimal,"Checks if the invalid count for {column_name} is equal to the given {threshold}, ensuring the format is a number that uses a comma (,) or period (.) as a decimal indicator."
262,invalid_count({column_name}) < {threshold}:\n  - valid format: decimal,"Checks if the invalid count for {column_name} is less than the given {threshold}, ensuring the format is a number that uses a comma (,) or period (.) as a decimal indicator."
263,invalid_count({column_name}) > {threshold}:\n  - valid format: decimal,"Checks if the invalid count for {column_name} is exceeds the given {threshold}, ensuring the format is a number that uses a comma (,) or period (.) as a decimal indicator."
264,invalid_count({column_name}) <= {threshold}:\n  - valid format: decimal,"Checks if the invalid count for {column_name} is less or falls within the given {threshold}, ensuring the format is a number that uses a comma (,) or period (.) as a decimal indicator."
265,invalid_count({column_name}) >= {threshold}:\n  - valid format: decimal,"Checks if the invalid count for {column_name} exceeds or falls within the given {threshold}, ensuring the format is a number that uses a comma (,) or period (.) as a decimal indicator."
266,invalid_count({column_name}) != {threshold}:\n  - valid format: decimal,"Checks if the invalid count for {column_name} is not equal to the given {threshold}, ensuring the format is a number that uses a comma (,) or period (.) as a decimal indicator."
267,invalid_count({column_name}) <> {threshold}:\n  - valid format: decimal,"Checks if the invalid count for {column_name} is not equal to the given {threshold}, ensuring the format is a number that uses a comma (,) or period (.) as a decimal indicator."
268,invalid_count({column_name}) between {threshold}:\n  - valid format: decimal,"Checks if the invalid count for {column_name} is between the given {threshold}, ensuring the format is a number that uses a comma (,) or period (.) as a decimal indicator."
269,invalid_count({column_name}) not between {threshold}:\n  - valid format: decimal,"Checks if the invalid count for {column_name} is not between the given {threshold}, ensuring the format is a number that uses a comma (,) or period (.) as a decimal indicator."
270,invalid_count({column_name}) = {threshold}:\n  - valid format: decimal comma,"Checks if the invalid count for {column_name} is equal to the given {threshold}, ensuring the format is a number that uses  uses comma (,) as decimal indicator."
271,invalid_count({column_name}) < {threshold}:\n  - valid format: decimal comma,"Checks if the invalid count for {column_name} is less than the given {threshold}, ensuring the format is a number that uses  uses comma (,) as decimal indicator."
272,invalid_count({column_name}) > {threshold}:\n  - valid format: decimal comma,"Checks if the invalid count for {column_name} is exceeds the given {threshold}, ensuring the format is a number that uses  uses comma (,) as decimal indicator."
273,invalid_count({column_name}) <= {threshold}:\n  - valid format: decimal comma,"Checks if the invalid count for {column_name} is less or falls within the given {threshold}, ensuring the format is a number that uses  uses comma (,) as decimal indicator."
274,invalid_count({column_name}) >= {threshold}:\n  - valid format: decimal comma,"Checks if the invalid count for {column_name} exceeds or falls within the given {threshold}, ensuring the format is a number that uses  uses comma (,) as decimal indicator."
275,invalid_count({column_name}) != {threshold}:\n  - valid format: decimal comma,"Checks if the invalid count for {column_name} is not equal to the given {threshold}, ensuring the format is a number that uses  uses comma (,) as decimal indicator."
276,invalid_count({column_name}) <> {threshold}:\n  - valid format: decimal comma,"Checks if the invalid count for {column_name} is not equal to the given {threshold}, ensuring the format is a number that uses  uses comma (,) as decimal indicator."
277,invalid_count({column_name}) between {threshold}:\n  - valid format: decimal comma,"Checks if the invalid count for {column_name} is between the given {threshold}, ensuring the format is a number that uses  uses comma (,) as decimal indicator."
278,invalid_count({column_name}) not between {threshold}:\n  - valid format: decimal comma,"Checks if the invalid count for {column_name} is not between the given {threshold}, ensuring the format is a number that uses  uses comma (,) as decimal indicator."
279,invalid_count({column_name}) = {threshold}:\n  - valid format: decimal point,"Checks if the invalid count for {column_name} is equal to the given {threshold}, ensuring the format is a number that uses period (.) as decimal indicator."
280,invalid_count({column_name}) < {threshold}:\n  - valid format: decimal point,"Checks if the invalid count for {column_name} is less than the given {threshold}, ensuring the format is a number that uses period (.) as decimal indicator."
281,invalid_count({column_name}) > {threshold}:\n  - valid format: decimal point,"Checks if the invalid count for {column_name} is exceeds the given {threshold}, ensuring the format is a number that uses period (.) as decimal indicator."
282,invalid_count({column_name}) <= {threshold}:\n  - valid format: decimal point,"Checks if the invalid count for {column_name} is less or falls within the given {threshold}, ensuring the format is a number that uses period (.) as decimal indicator."
283,invalid_count({column_name}) >= {threshold}:\n  - valid format: decimal point,"Checks if the invalid count for {column_name} exceeds or falls within the given {threshold}, ensuring the format is a number that uses period (.) as decimal indicator."
284,invalid_count({column_name}) != {threshold}:\n  - valid format: decimal point,"Checks if the invalid count for {column_name} is not equal to the given {threshold}, ensuring the format is a number that uses period (.) as decimal indicator."
285,invalid_count({column_name}) <> {threshold}:\n  - valid format: decimal point,"Checks if the invalid count for {column_name} is not equal to the given {threshold}, ensuring the format is a number that uses period (.) as decimal indicator."
286,invalid_count({column_name}) between {threshold}:\n  - valid format: decimal point,"Checks if the invalid count for {column_name} is between the given {threshold}, ensuring the format is a number that uses period (.) as decimal indicator."
287,invalid_count({column_name}) not between {threshold}:\n  - valid format: decimal point,"Checks if the invalid count for {column_name} is not between the given {threshold}, ensuring the format is a number that uses period (.) as decimal indicator."
288,invalid_count({column_name}) = {threshold}:\n  - valid format: email,"Checks if the invalid count for {column_name} is equal to the given {threshold}, ensuring the format is an standard email: name@domain.extension"
289,invalid_count({column_name}) < {threshold}:\n  - valid format: email,"Checks if the invalid count for {column_name} is less than the given {threshold}, ensuring the format is an standard email: name@domain.extension"
290,invalid_count({column_name}) > {threshold}:\n  - valid format: email,"Checks if the invalid count for {column_name} is exceeds the given {threshold}, ensuring the format is an standard email: name@domain.extension"
291,invalid_count({column_name}) <= {threshold}:\n  - valid format: email,"Checks if the invalid count for {column_name} is less or falls within the given {threshold}, ensuring the format is an standard email: name@domain.extension"
292,invalid_count({column_name}) >= {threshold}:\n  - valid format: email,"Checks if the invalid count for {column_name} exceeds or falls within the given {threshold}, ensuring the format is an standard email: name@domain.extension"
293,invalid_count({column_name}) != {threshold}:\n  - valid format: email,"Checks if the invalid count for {column_name} is not equal to the given {threshold}, ensuring the format is an standard email: name@domain.extension"
294,invalid_count({column_name}) <> {threshold}:\n  - valid format: email,"Checks if the invalid count for {column_name} is not equal to the given {threshold}, ensuring the format is an standard email: name@domain.extension"
295,invalid_count({column_name}) between {threshold}:\n  - valid format: email,"Checks if the invalid count for {column_name} is between the given {threshold}, ensuring the format is an standard email: name@domain.extension"
296,invalid_count({column_name}) not between {threshold}:\n  - valid format: email,"Checks if the invalid count for {column_name} is not between the given {threshold}, ensuring the format is an standard email: name@domain.extension"
297,invalid_count({column_name}) = {threshold}:\n  - valid format: integer,"Checks if the invalid count for {column_name} is equal to the given {threshold}, ensuring the format is an integer"
298,invalid_count({column_name}) < {threshold}:\n  - valid format: integer,"Checks if the invalid count for {column_name} is less than the given {threshold}, ensuring the format is an integer"
299,invalid_count({column_name}) > {threshold}:\n  - valid format: integer,"Checks if the invalid count for {column_name} is exceeds the given {threshold}, ensuring the format is an integer"
300,invalid_count({column_name}) <= {threshold}:\n  - valid format: integer,"Checks if the invalid count for {column_name} is less or falls within the given {threshold}, ensuring the format is an integer"
301,invalid_count({column_name}) >= {threshold}:\n  - valid format: integer,"Checks if the invalid count for {column_name} exceeds or falls within the given {threshold}, ensuring the format is an integer"
302,invalid_count({column_name}) != {threshold}:\n  - valid format: integer,"Checks if the invalid count for {column_name} is not equal to the given {threshold}, ensuring the format is an integer"
303,invalid_count({column_name}) <> {threshold}:\n  - valid format: integer,"Checks if the invalid count for {column_name} is not equal to the given {threshold}, ensuring the format is an integer"
304,invalid_count({column_name}) between {threshold}:\n  - valid format: integer,"Checks if the invalid count for {column_name} is between the given {threshold}, ensuring the format is an integer"
305,invalid_count({column_name}) not between {threshold}:\n  - valid format: integer,"Checks if the invalid count for {column_name} is not between the given {threshold}, ensuring the format is an integer"
306,invalid_count({column_name}) = {threshold}:\n  - valid format: ip address,"Checks if the invalid count for {column_name} is equal to the given {threshold}, ensuring the format is a standard IP address: four integers separated by period (.)"
307,invalid_count({column_name}) < {threshold}:\n  - valid format: ip address,"Checks if the invalid count for {column_name} is less than the given {threshold}, ensuring the format is a standard IP address: four integers separated by period (.)"
308,invalid_count({column_name}) > {threshold}:\n  - valid format: ip address,"Checks if the invalid count for {column_name} is exceeds the given {threshold}, ensuring the format is a standard IP address: four integers separated by period (.)"
309,invalid_count({column_name}) <= {threshold}:\n  - valid format: ip address,"Checks if the invalid count for {column_name} is less or falls within the given {threshold}, ensuring the format is a standard IP address: four integers separated by period (.)"
310,invalid_count({column_name}) >= {threshold}:\n  - valid format: ip address,"Checks if the invalid count for {column_name} exceeds or falls within the given {threshold}, ensuring the format is a standard IP address: four integers separated by period (.)"
311,invalid_count({column_name}) != {threshold}:\n  - valid format: ip address,"Checks if the invalid count for {column_name} is not equal to the given {threshold}, ensuring the format is a standard IP address: four integers separated by period (.)"
312,invalid_count({column_name}) <> {threshold}:\n  - valid format: ip address,"Checks if the invalid count for {column_name} is not equal to the given {threshold}, ensuring the format is a standard IP address: four integers separated by period (.)"
313,invalid_count({column_name}) between {threshold}:\n  - valid format: ip address,"Checks if the invalid count for {column_name} is between the given {threshold}, ensuring the format is a standard IP address: four integers separated by period (.)"
314,invalid_count({column_name}) not between {threshold}:\n  - valid format: ip address,"Checks if the invalid count for {column_name} is not between the given {threshold}, ensuring the format is a standard IP address: four integers separated by period (.)"
315,invalid_count({column_name}) = {threshold}:\n  - valid format: ipv4 address,"Checks if the invalid count for {column_name} is equal to the given {threshold}, ensuring the format is a standard ipv4 address: four whole numbers separated by period (.)"
316,invalid_count({column_name}) < {threshold}:\n  - valid format: ipv4 address,"Checks if the invalid count for {column_name} is less than the given {threshold}, ensuring the format is a standard ipv4 address: four whole numbers separated by period (.)"
317,invalid_count({column_name}) > {threshold}:\n  - valid format: ipv4 address,"Checks if the invalid count for {column_name} is exceeds the given {threshold}, ensuring the format is a standard ipv4 address: four whole numbers separated by period (.)"
318,invalid_count({column_name}) <= {threshold}:\n  - valid format: ipv4 address,"Checks if the invalid count for {column_name} is less or falls within the given {threshold}, ensuring the format is a standard ipv4 address: four whole numbers separated by period (.)"
319,invalid_count({column_name}) >= {threshold}:\n  - valid format: ipv4 address,"Checks if the invalid count for {column_name} exceeds or falls within the given {threshold}, ensuring the format is a standard ipv4 address: four whole numbers separated by period (.)"
320,invalid_count({column_name}) != {threshold}:\n  - valid format: ipv4 address,"Checks if the invalid count for {column_name} is not equal to the given {threshold}, ensuring the format is a standard ipv4 address: four whole numbers separated by period (.)"
321,invalid_count({column_name}) <> {threshold}:\n  - valid format: ipv4 address,"Checks if the invalid count for {column_name} is not equal to the given {threshold}, ensuring the format is a standard ipv4 address: four whole numbers separated by period (.)"
322,invalid_count({column_name}) between {threshold}:\n  - valid format: ipv4 address,"Checks if the invalid count for {column_name} is between the given {threshold}, ensuring the format is a standard ipv4 address: four whole numbers separated by period (.)"
323,invalid_count({column_name}) not between {threshold}:\n  - valid format: ipv4 address,"Checks if the invalid count for {column_name} is not between the given {threshold}, ensuring the format is a standard ipv4 address: four whole numbers separated by period (.)"
324,invalid_count({column_name}) = {threshold}:\n  - valid format: ipv6 address,"Checks if the invalid count for {column_name} is equal to the given {threshold}, ensuring the format is a standard ipv6 address: eight values separated by colons (:)"
325,invalid_count({column_name}) < {threshold}:\n  - valid format: ipv6 address,"Checks if the invalid count for {column_name} is less than the given {threshold}, ensuring the format is a standard ipv6 address: eight values separated by colons (:)"
326,invalid_count({column_name}) > {threshold}:\n  - valid format: ipv6 address,"Checks if the invalid count for {column_name} is exceeds the given {threshold}, ensuring the format is a standard ipv6 address: eight values separated by colons (:)"
327,invalid_count({column_name}) <= {threshold}:\n  - valid format: ipv6 address,"Checks if the invalid count for {column_name} is less or falls within the given {threshold}, ensuring the format is a standard ipv6 address: eight values separated by colons (:)"
328,invalid_count({column_name}) >= {threshold}:\n  - valid format: ipv6 address,"Checks if the invalid count for {column_name} exceeds or falls within the given {threshold}, ensuring the format is a standard ipv6 address: eight values separated by colons (:)"
329,invalid_count({column_name}) != {threshold}:\n  - valid format: ipv6 address,"Checks if the invalid count for {column_name} is not equal to the given {threshold}, ensuring the format is a standard ipv6 address: eight values separated by colons (:)"
330,invalid_count({column_name}) <> {threshold}:\n  - valid format: ipv6 address,"Checks if the invalid count for {column_name} is not equal to the given {threshold}, ensuring the format is a standard ipv6 address: eight values separated by colons (:)"
331,invalid_count({column_name}) between {threshold}:\n  - valid format: ipv6 address,"Checks if the invalid count for {column_name} is between the given {threshold}, ensuring the format is a standard ipv6 address: eight values separated by colons (:)"
332,invalid_count({column_name}) not between {threshold}:\n  - valid format: ipv6 address,"Checks if the invalid count for {column_name} is not between the given {threshold}, ensuring the format is a standard ipv6 address: eight values separated by colons (:)"
333,invalid_count({column_name}) = {threshold}:\n  - valid format: money,"Checks if the invalid count for {column_name} is equal to the given {threshold}, ensuring the format is a money pattern with currency symbol + decimal point or comma + currency abbreviation."
334,invalid_count({column_name}) < {threshold}:\n  - valid format: money,"Checks if the invalid count for {column_name} is less than the given {threshold}, ensuring the format is a money pattern with currency symbol + decimal point or comma + currency abbreviation."
335,invalid_count({column_name}) > {threshold}:\n  - valid format: money,"Checks if the invalid count for {column_name} is exceeds the given {threshold}, ensuring the format is a money pattern with currency symbol + decimal point or comma + currency abbreviation."
336,invalid_count({column_name}) <= {threshold}:\n  - valid format: money,"Checks if the invalid count for {column_name} is less or falls within the given {threshold}, ensuring the format is a money pattern with currency symbol + decimal point or comma + currency abbreviation."
337,invalid_count({column_name}) >= {threshold}:\n  - valid format: money,"Checks if the invalid count for {column_name} exceeds or falls within the given {threshold}, ensuring the format is a money pattern with currency symbol + decimal point or comma + currency abbreviation."
338,invalid_count({column_name}) != {threshold}:\n  - valid format: money,"Checks if the invalid count for {column_name} is not equal to the given {threshold}, ensuring the format is a money pattern with currency symbol + decimal point or comma + currency abbreviation."
339,invalid_count({column_name}) <> {threshold}:\n  - valid format: money,"Checks if the invalid count for {column_name} is not equal to the given {threshold}, ensuring the format is a money pattern with currency symbol + decimal point or comma + currency abbreviation."
340,invalid_count({column_name}) between {threshold}:\n  - valid format: money,"Checks if the invalid count for {column_name} is between the given {threshold}, ensuring the format is a money pattern with currency symbol + decimal point or comma + currency abbreviation."
341,invalid_count({column_name}) not between {threshold}:\n  - valid format: money,"Checks if the invalid count for {column_name} is not between the given {threshold}, ensuring the format is a money pattern with currency symbol + decimal point or comma + currency abbreviation."
342,invalid_count({column_name}) = {threshold}:\n  - valid format: money comma,"Checks if the invalid count for {column_name} is equal to the given {threshold}, ensuring the format is a money pattern with currency symbol + decimal comma + currency abbreviation."
343,invalid_count({column_name}) < {threshold}:\n  - valid format: money comma,"Checks if the invalid count for {column_name} is less than the given {threshold}, ensuring the format is a money pattern with currency symbol + decimal comma + currency abbreviation."
344,invalid_count({column_name}) > {threshold}:\n  - valid format: money comma,"Checks if the invalid count for {column_name} is exceeds the given {threshold}, ensuring the format is a money pattern with currency symbol + decimal comma + currency abbreviation."
345,invalid_count({column_name}) <= {threshold}:\n  - valid format: money comma,"Checks if the invalid count for {column_name} is less or falls within the given {threshold}, ensuring the format is a money pattern with currency symbol + decimal comma + currency abbreviation."
346,invalid_count({column_name}) >= {threshold}:\n  - valid format: money comma,"Checks if the invalid count for {column_name} exceeds or falls within the given {threshold}, ensuring the format is a money pattern with currency symbol + decimal comma + currency abbreviation."
347,invalid_count({column_name}) != {threshold}:\n  - valid format: money comma,"Checks if the invalid count for {column_name} is not equal to the given {threshold}, ensuring the format is a money pattern with currency symbol + decimal comma + currency abbreviation."
348,invalid_count({column_name}) <> {threshold}:\n  - valid format: money comma,"Checks if the invalid count for {column_name} is not equal to the given {threshold}, ensuring the format is a money pattern with currency symbol + decimal comma + currency abbreviation."
349,invalid_count({column_name}) between {threshold}:\n  - valid format: money comma,"Checks if the invalid count for {column_name} is between the given {threshold}, ensuring the format is a money pattern with currency symbol + decimal comma + currency abbreviation."
350,invalid_count({column_name}) not between {threshold}:\n  - valid format: money comma,"Checks if the invalid count for {column_name} is not between the given {threshold}, ensuring the format is a money pattern with currency symbol + decimal comma + currency abbreviation."
351,invalid_count({column_name}) = {threshold}:\n  - valid format: money point,"Checks if the invalid count for {column_name} is equal to the given {threshold}, ensuring the format is a money pattern with currency symbol + decimal point + currency abbreviation."
352,invalid_count({column_name}) < {threshold}:\n  - valid format: money point,"Checks if the invalid count for {column_name} is less than the given {threshold}, ensuring the format is a money pattern with currency symbol + decimal point + currency abbreviation."
353,invalid_count({column_name}) > {threshold}:\n  - valid format: money point,"Checks if the invalid count for {column_name} is exceeds the given {threshold}, ensuring the format is a money pattern with currency symbol + decimal point + currency abbreviation."
354,invalid_count({column_name}) <= {threshold}:\n  - valid format: money point,"Checks if the invalid count for {column_name} is less or falls within the given {threshold}, ensuring the format is a money pattern with currency symbol + decimal point + currency abbreviation."
355,invalid_count({column_name}) >= {threshold}:\n  - valid format: money point,"Checks if the invalid count for {column_name} exceeds or falls within the given {threshold}, ensuring the format is a money pattern with currency symbol + decimal point + currency abbreviation."
356,invalid_count({column_name}) != {threshold}:\n  - valid format: money point,"Checks if the invalid count for {column_name} is not equal to the given {threshold}, ensuring the format is a money pattern with currency symbol + decimal point + currency abbreviation."
357,invalid_count({column_name}) <> {threshold}:\n  - valid format: money point,"Checks if the invalid count for {column_name} is not equal to the given {threshold}, ensuring the format is a money pattern with currency symbol + decimal point + currency abbreviation."
358,invalid_count({column_name}) between {threshold}:\n  - valid format: money point,"Checks if the invalid count for {column_name} is between the given {threshold}, ensuring the format is a money pattern with currency symbol + decimal point + currency abbreviation."
359,invalid_count({column_name}) not between {threshold}:\n  - valid format: money point,"Checks if the invalid count for {column_name} is not between the given {threshold}, ensuring the format is a money pattern with currency symbol + decimal point + currency abbreviation."
360,invalid_count({column_name}) = {threshold}:\n  - valid format: negative decimal,"Checks if the invalid count for {column_name} is equal to the given {threshold}, ensuring the format is a negative number that uses a comma (,) or period (.) as a decimal indicator."
361,invalid_count({column_name}) < {threshold}:\n  - valid format: negative decimal,"Checks if the invalid count for {column_name} is less than the given {threshold}, ensuring the format is a negative number that uses a comma (,) or period (.) as a decimal indicator."
362,invalid_count({column_name}) > {threshold}:\n  - valid format: negative decimal,"Checks if the invalid count for {column_name} is exceeds the given {threshold}, ensuring the format is a negative number that uses a comma (,) or period (.) as a decimal indicator."
363,invalid_count({column_name}) <= {threshold}:\n  - valid format: negative decimal,"Checks if the invalid count for {column_name} is less or falls within the given {threshold}, ensuring the format is a negative number that uses a comma (,) or period (.) as a decimal indicator."
364,invalid_count({column_name}) >= {threshold}:\n  - valid format: negative decimal,"Checks if the invalid count for {column_name} exceeds or falls within the given {threshold}, ensuring the format is a negative number that uses a comma (,) or period (.) as a decimal indicator."
365,invalid_count({column_name}) != {threshold}:\n  - valid format: negative decimal,"Checks if the invalid count for {column_name} is not equal to the given {threshold}, ensuring the format is a negative number that uses a comma (,) or period (.) as a decimal indicator."
366,invalid_count({column_name}) <> {threshold}:\n  - valid format: negative decimal,"Checks if the invalid count for {column_name} is not equal to the given {threshold}, ensuring the format is a negative number that uses a comma (,) or period (.) as a decimal indicator."
367,invalid_count({column_name}) between {threshold}:\n  - valid format: negative decimal,"Checks if the invalid count for {column_name} is between the given {threshold}, ensuring the format is a negative number that uses a comma (,) or period (.) as a decimal indicator."
368,invalid_count({column_name}) not between {threshold}:\n  - valid format: negative decimal,"Checks if the invalid count for {column_name} is not between the given {threshold}, ensuring the format is a negative number that uses a comma (,) or period (.) as a decimal indicator."
369,invalid_count({column_name}) = {threshold}:\n  - valid format: negative decimal comma,"Checks if the invalid count for {column_name} is equal to the given {threshold}, ensuring the format is a negative number that uses comma (,) as decimal indicator."
370,invalid_count({column_name}) < {threshold}:\n  - valid format: negative decimal comma,"Checks if the invalid count for {column_name} is less than the given {threshold}, ensuring the format is a negative number that uses comma (,) as decimal indicator."
371,invalid_count({column_name}) > {threshold}:\n  - valid format: negative decimal comma,"Checks if the invalid count for {column_name} is exceeds the given {threshold}, ensuring the format is a negative number that uses comma (,) as decimal indicator."
372,invalid_count({column_name}) <= {threshold}:\n  - valid format: negative decimal comma,"Checks if the invalid count for {column_name} is less or falls within the given {threshold}, ensuring the format is a negative number that uses comma (,) as decimal indicator."
373,invalid_count({column_name}) >= {threshold}:\n  - valid format: negative decimal comma,"Checks if the invalid count for {column_name} exceeds or falls within the given {threshold}, ensuring the format is a negative number that uses comma (,) as decimal indicator."
374,invalid_count({column_name}) != {threshold}:\n  - valid format: negative decimal comma,"Checks if the invalid count for {column_name} is not equal to the given {threshold}, ensuring the format is a negative number that uses comma (,) as decimal indicator."
375,invalid_count({column_name}) <> {threshold}:\n  - valid format: negative decimal comma,"Checks if the invalid count for {column_name} is not equal to the given {threshold}, ensuring the format is a negative number that uses comma (,) as decimal indicator."
376,invalid_count({column_name}) between {threshold}:\n  - valid format: negative decimal comma,"Checks if the invalid count for {column_name} is between the given {threshold}, ensuring the format is a negative number that uses comma (,) as decimal indicator."
377,invalid_count({column_name}) not between {threshold}:\n  - valid format: negative decimal comma,"Checks if the invalid count for {column_name} is not between the given {threshold}, ensuring the format is a negative number that uses comma (,) as decimal indicator."
378,invalid_count({column_name}) = {threshold}:\n  - valid format: negative decimal point,"Checks if the invalid count for {column_name} is equal to the given {threshold}, ensuring the format is a negative number that uses period (.) as decimal indicator."
379,invalid_count({column_name}) < {threshold}:\n  - valid format: negative decimal point,"Checks if the invalid count for {column_name} is less than the given {threshold}, ensuring the format is a negative number that uses period (.) as decimal indicator."
380,invalid_count({column_name}) > {threshold}:\n  - valid format: negative decimal point,"Checks if the invalid count for {column_name} is exceeds the given {threshold}, ensuring the format is a negative number that uses period (.) as decimal indicator."
381,invalid_count({column_name}) <= {threshold}:\n  - valid format: negative decimal point,"Checks if the invalid count for {column_name} is less or falls within the given {threshold}, ensuring the format is a negative number that uses period (.) as decimal indicator."
382,invalid_count({column_name}) >= {threshold}:\n  - valid format: negative decimal point,"Checks if the invalid count for {column_name} exceeds or falls within the given {threshold}, ensuring the format is a negative number that uses period (.) as decimal indicator."
383,invalid_count({column_name}) != {threshold}:\n  - valid format: negative decimal point,"Checks if the invalid count for {column_name} is not equal to the given {threshold}, ensuring the format is a negative number that uses period (.) as decimal indicator."
384,invalid_count({column_name}) <> {threshold}:\n  - valid format: negative decimal point,"Checks if the invalid count for {column_name} is not equal to the given {threshold}, ensuring the format is a negative number that uses period (.) as decimal indicator."
385,invalid_count({column_name}) between {threshold}:\n  - valid format: negative decimal point,"Checks if the invalid count for {column_name} is between the given {threshold}, ensuring the format is a negative number that uses period (.) as decimal indicator."
386,invalid_count({column_name}) not between {threshold}:\n  - valid format: negative decimal point,"Checks if the invalid count for {column_name} is not between the given {threshold}, ensuring the format is a negative number that uses period (.) as decimal indicator."
387,invalid_count({column_name}) = {threshold}:\n  - valid format: negative integer,"Checks if the invalid count for {column_name} is equal to the given {threshold}, ensuring the format is a negative integer"
388,invalid_count({column_name}) < {threshold}:\n  - valid format: negative integer,"Checks if the invalid count for {column_name} is less than the given {threshold}, ensuring the format is a negative integer"
389,invalid_count({column_name}) > {threshold}:\n  - valid format: negative integer,"Checks if the invalid count for {column_name} is exceeds the given {threshold}, ensuring the format is a negative integer"
390,invalid_count({column_name}) <= {threshold}:\n  - valid format: negative integer,"Checks if the invalid count for {column_name} is less or falls within the given {threshold}, ensuring the format is a negative integer"
391,invalid_count({column_name}) >= {threshold}:\n  - valid format: negative integer,"Checks if the invalid count for {column_name} exceeds or falls within the given {threshold}, ensuring the format is a negative integer"
392,invalid_count({column_name}) != {threshold}:\n  - valid format: negative integer,"Checks if the invalid count for {column_name} is not equal to the given {threshold}, ensuring the format is a negative integer"
393,invalid_count({column_name}) <> {threshold}:\n  - valid format: negative integer,"Checks if the invalid count for {column_name} is not equal to the given {threshold}, ensuring the format is a negative integer"
394,invalid_count({column_name}) between {threshold}:\n  - valid format: negative integer,"Checks if the invalid count for {column_name} is between the given {threshold}, ensuring the format is a negative integer"
395,invalid_count({column_name}) not between {threshold}:\n  - valid format: negative integer,"Checks if the invalid count for {column_name} is not between the given {threshold}, ensuring the format is a negative integer"
396,invalid_count({column_name}) = {threshold}:\n  - valid format: negative percentage,"Checks if the invalid count for {column_name} is equal to the given {threshold}, ensuring the format is a negative percentage"
397,invalid_count({column_name}) < {threshold}:\n  - valid format: negative percentage,"Checks if the invalid count for {column_name} is less than the given {threshold}, ensuring the format is a negative percentage"
398,invalid_count({column_name}) > {threshold}:\n  - valid format: negative percentage,"Checks if the invalid count for {column_name} is exceeds the given {threshold}, ensuring the format is a negative percentage"
399,invalid_count({column_name}) <= {threshold}:\n  - valid format: negative percentage,"Checks if the invalid count for {column_name} is less or falls within the given {threshold}, ensuring the format is a negative percentage"
400,invalid_count({column_name}) >= {threshold}:\n  - valid format: negative percentage,"Checks if the invalid count for {column_name} exceeds or falls within the given {threshold}, ensuring the format is a negative percentage"
401,invalid_count({column_name}) != {threshold}:\n  - valid format: negative percentage,"Checks if the invalid count for {column_name} is not equal to the given {threshold}, ensuring the format is a negative percentage"
402,invalid_count({column_name}) <> {threshold}:\n  - valid format: negative percentage,"Checks if the invalid count for {column_name} is not equal to the given {threshold}, ensuring the format is a negative percentage"
403,invalid_count({column_name}) between {threshold}:\n  - valid format: negative percentage,"Checks if the invalid count for {column_name} is between the given {threshold}, ensuring the format is a negative percentage"
404,invalid_count({column_name}) not between {threshold}:\n  - valid format: negative percentage,"Checks if the invalid count for {column_name} is not between the given {threshold}, ensuring the format is a negative percentage"
405,invalid_count({column_name}) = {threshold}:\n  - valid format: negative percentage comma,"Checks if the invalid count for {column_name} is equal to the given {threshold}, ensuring the format is a negative number is a percentage with a comma (,) decimal indicator."
406,invalid_count({column_name}) < {threshold}:\n  - valid format: negative percentage comma,"Checks if the invalid count for {column_name} is less than the given {threshold}, ensuring the format is a negative number is a percentage with a comma (,) decimal indicator."
407,invalid_count({column_name}) > {threshold}:\n  - valid format: negative percentage comma,"Checks if the invalid count for {column_name} is exceeds the given {threshold}, ensuring the format is a negative number is a percentage with a comma (,) decimal indicator."
408,invalid_count({column_name}) <= {threshold}:\n  - valid format: negative percentage comma,"Checks if the invalid count for {column_name} is less or falls within the given {threshold}, ensuring the format is a negative number is a percentage with a comma (,) decimal indicator."
409,invalid_count({column_name}) >= {threshold}:\n  - valid format: negative percentage comma,"Checks if the invalid count for {column_name} exceeds or falls within the given {threshold}, ensuring the format is a negative number is a percentage with a comma (,) decimal indicator."
410,invalid_count({column_name}) != {threshold}:\n  - valid format: negative percentage comma,"Checks if the invalid count for {column_name} is not equal to the given {threshold}, ensuring the format is a negative number is a percentage with a comma (,) decimal indicator."
411,invalid_count({column_name}) <> {threshold}:\n  - valid format: negative percentage comma,"Checks if the invalid count for {column_name} is not equal to the given {threshold}, ensuring the format is a negative number is a percentage with a comma (,) decimal indicator."
412,invalid_count({column_name}) between {threshold}:\n  - valid format: negative percentage comma,"Checks if the invalid count for {column_name} is between the given {threshold}, ensuring the format is a negative number is a percentage with a comma (,) decimal indicator."
413,invalid_count({column_name}) not between {threshold}:\n  - valid format: negative percentage comma,"Checks if the invalid count for {column_name} is not between the given {threshold}, ensuring the format is a negative number is a percentage with a comma (,) decimal indicator."
414,invalid_count({column_name}) = {threshold}:\n  - valid format: negative percentage point,"Checks if the invalid count for {column_name} is equal to the given {threshold}, ensuring the format is a negative number is a percentage with a period (.) decimal indicator."
415,invalid_count({column_name}) < {threshold}:\n  - valid format: negative percentage point,"Checks if the invalid count for {column_name} is less than the given {threshold}, ensuring the format is a negative number is a percentage with a period (.) decimal indicator."
416,invalid_count({column_name}) > {threshold}:\n  - valid format: negative percentage point,"Checks if the invalid count for {column_name} is exceeds the given {threshold}, ensuring the format is a negative number is a percentage with a period (.) decimal indicator."
417,invalid_count({column_name}) <= {threshold}:\n  - valid format: negative percentage point,"Checks if the invalid count for {column_name} is less or falls within the given {threshold}, ensuring the format is a negative number is a percentage with a period (.) decimal indicator."
418,invalid_count({column_name}) >= {threshold}:\n  - valid format: negative percentage point,"Checks if the invalid count for {column_name} exceeds or falls within the given {threshold}, ensuring the format is a negative number is a percentage with a period (.) decimal indicator."
419,invalid_count({column_name}) != {threshold}:\n  - valid format: negative percentage point,"Checks if the invalid count for {column_name} is not equal to the given {threshold}, ensuring the format is a negative number is a percentage with a period (.) decimal indicator."
420,invalid_count({column_name}) <> {threshold}:\n  - valid format: negative percentage point,"Checks if the invalid count for {column_name} is not equal to the given {threshold}, ensuring the format is a negative number is a percentage with a period (.) decimal indicator."
421,invalid_count({column_name}) between {threshold}:\n  - valid format: negative percentage point,"Checks if the invalid count for {column_name} is between the given {threshold}, ensuring the format is a negative number is a percentage with a period (.) decimal indicator."
422,invalid_count({column_name}) not between {threshold}:\n  - valid format: negative percentage point,"Checks if the invalid count for {column_name} is not between the given {threshold}, ensuring the format is a negative number is a percentage with a period (.) decimal indicator."
423,invalid_count({column_name}) = {threshold}:\n  - valid format: percentage comma,"Checks if the invalid count for {column_name} is equal to the given {threshold}, ensuring the format is a percentage."
424,invalid_count({column_name}) < {threshold}:\n  - valid format: percentage comma,"Checks if the invalid count for {column_name} is less than the given {threshold}, ensuring the format is a percentage."
425,invalid_count({column_name}) > {threshold}:\n  - valid format: percentage comma,"Checks if the invalid count for {column_name} is exceeds the given {threshold}, ensuring the format is a percentage."
426,invalid_count({column_name}) <= {threshold}:\n  - valid format: percentage comma,"Checks if the invalid count for {column_name} is less or falls within the given {threshold}, ensuring the format is a percentage."
427,invalid_count({column_name}) >= {threshold}:\n  - valid format: percentage comma,"Checks if the invalid count for {column_name} exceeds or falls within the given {threshold}, ensuring the format is a percentage."
428,invalid_count({column_name}) != {threshold}:\n  - valid format: percentage comma,"Checks if the invalid count for {column_name} is not equal to the given {threshold}, ensuring the format is a percentage."
429,invalid_count({column_name}) <> {threshold}:\n  - valid format: percentage comma,"Checks if the invalid count for {column_name} is not equal to the given {threshold}, ensuring the format is a percentage."
430,invalid_count({column_name}) between {threshold}:\n  - valid format: percentage comma,"Checks if the invalid count for {column_name} is between the given {threshold}, ensuring the format is a percentage."
431,invalid_count({column_name}) not between {threshold}:\n  - valid format: percentage comma,"Checks if the invalid count for {column_name} is not between the given {threshold}, ensuring the format is a percentage."
432,invalid_count({column_name}) = {threshold}:\n  - valid format: percentage point,"Checks if the invalid count for {column_name} is equal to the given {threshold}, ensuring the format is a percentage."
433,invalid_count({column_name}) < {threshold}:\n  - valid format: percentage point,"Checks if the invalid count for {column_name} is less than the given {threshold}, ensuring the format is a percentage."
434,invalid_count({column_name}) > {threshold}:\n  - valid format: percentage point,"Checks if the invalid count for {column_name} is exceeds the given {threshold}, ensuring the format is a percentage."
435,invalid_count({column_name}) <= {threshold}:\n  - valid format: percentage point,"Checks if the invalid count for {column_name} is less or falls within the given {threshold}, ensuring the format is a percentage."
436,invalid_count({column_name}) >= {threshold}:\n  - valid format: percentage point,"Checks if the invalid count for {column_name} exceeds or falls within the given {threshold}, ensuring the format is a percentage."
437,invalid_count({column_name}) != {threshold}:\n  - valid format: percentage point,"Checks if the invalid count for {column_name} is not equal to the given {threshold}, ensuring the format is a percentage."
438,invalid_count({column_name}) <> {threshold}:\n  - valid format: percentage point,"Checks if the invalid count for {column_name} is not equal to the given {threshold}, ensuring the format is a percentage."
439,invalid_count({column_name}) between {threshold}:\n  - valid format: percentage point,"Checks if the invalid count for {column_name} is between the given {threshold}, ensuring the format is a percentage."
440,invalid_count({column_name}) not between {threshold}:\n  - valid format: percentage point,"Checks if the invalid count for {column_name} is not between the given {threshold}, ensuring the format is a percentage."
441,invalid_count({column_name}) = {threshold}:\n  - valid format: percentage,"Checks if the invalid count for {column_name} is equal to the given {threshold}, ensuring the format is a percentage."
442,invalid_count({column_name}) < {threshold}:\n  - valid format: percentage,"Checks if the invalid count for {column_name} is less than the given {threshold}, ensuring the format is a percentage."
443,invalid_count({column_name}) > {threshold}:\n  - valid format: percentage,"Checks if the invalid count for {column_name} is exceeds the given {threshold}, ensuring the format is a percentage."
444,invalid_count({column_name}) <= {threshold}:\n  - valid format: percentage,"Checks if the invalid count for {column_name} is less or falls within the given {threshold}, ensuring the format is a percentage."
445,invalid_count({column_name}) >= {threshold}:\n  - valid format: percentage,"Checks if the invalid count for {column_name} exceeds or falls within the given {threshold}, ensuring the format is a percentage."
446,invalid_count({column_name}) != {threshold}:\n  - valid format: percentage,"Checks if the invalid count for {column_name} is not equal to the given {threshold}, ensuring the format is a percentage."
447,invalid_count({column_name}) <> {threshold}:\n  - valid format: percentage,"Checks if the invalid count for {column_name} is not equal to the given {threshold}, ensuring the format is a percentage."
448,invalid_count({column_name}) between {threshold}:\n  - valid format: percentage,"Checks if the invalid count for {column_name} is between the given {threshold}, ensuring the format is a percentage."
449,invalid_count({column_name}) not between {threshold}:\n  - valid format: percentage,"Checks if the invalid count for {column_name} is not between the given {threshold}, ensuring the format is a percentage."
450,invalid_count({column_name}) = {threshold}:\n  - valid format: phone number,"Checks if the invalid count for {column_name} is equal to the given {threshold}, ensuring the format is a standard phone number"
451,invalid_count({column_name}) < {threshold}:\n  - valid format: phone number,"Checks if the invalid count for {column_name} is less than the given {threshold}, ensuring the format is a standard phone number"
452,invalid_count({column_name}) > {threshold}:\n  - valid format: phone number,"Checks if the invalid count for {column_name} is exceeds the given {threshold}, ensuring the format is a standard phone number"
453,invalid_count({column_name}) <= {threshold}:\n  - valid format: phone number,"Checks if the invalid count for {column_name} is less or falls within the given {threshold}, ensuring the format is a standard phone number"
454,invalid_count({column_name}) >= {threshold}:\n  - valid format: phone number,"Checks if the invalid count for {column_name} exceeds or falls within the given {threshold}, ensuring the format is a standard phone number"
455,invalid_count({column_name}) != {threshold}:\n  - valid format: phone number,"Checks if the invalid count for {column_name} is not equal to the given {threshold}, ensuring the format is a standard phone number"
456,invalid_count({column_name}) <> {threshold}:\n  - valid format: phone number,"Checks if the invalid count for {column_name} is not equal to the given {threshold}, ensuring the format is a standard phone number"
457,invalid_count({column_name}) between {threshold}:\n  - valid format: phone number,"Checks if the invalid count for {column_name} is between the given {threshold}, ensuring the format is a standard phone number"
458,invalid_count({column_name}) not between {threshold}:\n  - valid format: phone number,"Checks if the invalid count for {column_name} is not between the given {threshold}, ensuring the format is a standard phone number"
459,invalid_count({column_name}) = {threshold}:\n  - valid format: positive decimal,"Checks if the invalid count for {column_name} is equal to the given {threshold}, ensuring the format is a postive number with a comma (,) or period (.) as a decimal indicator."
460,invalid_count({column_name}) < {threshold}:\n  - valid format: positive decimal,"Checks if the invalid count for {column_name} is less than the given {threshold}, ensuring the format is a postive number with a comma (,) or period (.) as a decimal indicator."
461,invalid_count({column_name}) > {threshold}:\n  - valid format: positive decimal,"Checks if the invalid count for {column_name} is exceeds the given {threshold}, ensuring the format is a postive number with a comma (,) or period (.) as a decimal indicator."
462,invalid_count({column_name}) <= {threshold}:\n  - valid format: positive decimal,"Checks if the invalid count for {column_name} is less or falls within the given {threshold}, ensuring the format is a postive number with a comma (,) or period (.) as a decimal indicator."
463,invalid_count({column_name}) >= {threshold}:\n  - valid format: positive decimal,"Checks if the invalid count for {column_name} exceeds or falls within the given {threshold}, ensuring the format is a postive number with a comma (,) or period (.) as a decimal indicator."
464,invalid_count({column_name}) != {threshold}:\n  - valid format: positive decimal,"Checks if the invalid count for {column_name} is not equal to the given {threshold}, ensuring the format is a postive number with a comma (,) or period (.) as a decimal indicator."
465,invalid_count({column_name}) <> {threshold}:\n  - valid format: positive decimal,"Checks if the invalid count for {column_name} is not equal to the given {threshold}, ensuring the format is a postive number with a comma (,) or period (.) as a decimal indicator."
466,invalid_count({column_name}) between {threshold}:\n  - valid format: positive decimal,"Checks if the invalid count for {column_name} is between the given {threshold}, ensuring the format is a postive number with a comma (,) or period (.) as a decimal indicator."
467,invalid_count({column_name}) not between {threshold}:\n  - valid format: positive decimal,"Checks if the invalid count for {column_name} is not between the given {threshold}, ensuring the format is a postive number with a comma (,) or period (.) as a decimal indicator."
468,invalid_count({column_name}) = {threshold}:\n  - valid format: positive decimal comma,"Checks if the invalid count for {column_name} is equal to the given {threshold}, ensuring the format is a positive number with a comma (,) as decimal indicator."
469,invalid_count({column_name}) < {threshold}:\n  - valid format: positive decimal comma,"Checks if the invalid count for {column_name} is less than the given {threshold}, ensuring the format is a positive number with a comma (,) as decimal indicator."
470,invalid_count({column_name}) > {threshold}:\n  - valid format: positive decimal comma,"Checks if the invalid count for {column_name} is exceeds the given {threshold}, ensuring the format is a positive number with a comma (,) as decimal indicator."
471,invalid_count({column_name}) <= {threshold}:\n  - valid format: positive decimal comma,"Checks if the invalid count for {column_name} is less or falls within the given {threshold}, ensuring the format is a positive number with a comma (,) as decimal indicator."
472,invalid_count({column_name}) >= {threshold}:\n  - valid format: positive decimal comma,"Checks if the invalid count for {column_name} exceeds or falls within the given {threshold}, ensuring the format is a positive number with a comma (,) as decimal indicator."
473,invalid_count({column_name}) != {threshold}:\n  - valid format: positive decimal comma,"Checks if the invalid count for {column_name} is not equal to the given {threshold}, ensuring the format is a positive number with a comma (,) as decimal indicator."
474,invalid_count({column_name}) <> {threshold}:\n  - valid format: positive decimal comma,"Checks if the invalid count for {column_name} is not equal to the given {threshold}, ensuring the format is a positive number with a comma (,) as decimal indicator."
475,invalid_count({column_name}) between {threshold}:\n  - valid format: positive decimal comma,"Checks if the invalid count for {column_name} is between the given {threshold}, ensuring the format is a positive number with a comma (,) as decimal indicator."
476,invalid_count({column_name}) not between {threshold}:\n  - valid format: positive decimal comma,"Checks if the invalid count for {column_name} is not between the given {threshold}, ensuring the format is a positive number with a comma (,) as decimal indicator."
477,invalid_count({column_name}) = {threshold}:\n  - valid format: positive decimal point,"Checks if the invalid count for {column_name} is equal to the given {threshold}, ensuring the format is a positive number with a period (.) as decimal indicator."
478,invalid_count({column_name}) < {threshold}:\n  - valid format: positive decimal point,"Checks if the invalid count for {column_name} is less than the given {threshold}, ensuring the format is a positive number with a period (.) as decimal indicator."
479,invalid_count({column_name}) > {threshold}:\n  - valid format: positive decimal point,"Checks if the invalid count for {column_name} is exceeds the given {threshold}, ensuring the format is a positive number with a period (.) as decimal indicator."
480,invalid_count({column_name}) <= {threshold}:\n  - valid format: positive decimal point,"Checks if the invalid count for {column_name} is less or falls within the given {threshold}, ensuring the format is a positive number with a period (.) as decimal indicator."
481,invalid_count({column_name}) >= {threshold}:\n  - valid format: positive decimal point,"Checks if the invalid count for {column_name} exceeds or falls within the given {threshold}, ensuring the format is a positive number with a period (.) as decimal indicator."
482,invalid_count({column_name}) != {threshold}:\n  - valid format: positive decimal point,"Checks if the invalid count for {column_name} is not equal to the given {threshold}, ensuring the format is a positive number with a period (.) as decimal indicator."
483,invalid_count({column_name}) <> {threshold}:\n  - valid format: positive decimal point,"Checks if the invalid count for {column_name} is not equal to the given {threshold}, ensuring the format is a positive number with a period (.) as decimal indicator."
484,invalid_count({column_name}) between {threshold}:\n  - valid format: positive decimal point,"Checks if the invalid count for {column_name} is between the given {threshold}, ensuring the format is a positive number with a period (.) as decimal indicator."
485,invalid_count({column_name}) not between {threshold}:\n  - valid format: positive decimal point,"Checks if the invalid count for {column_name} is not between the given {threshold}, ensuring the format is a positive number with a period (.) as decimal indicator."
486,invalid_count({column_name}) = {threshold}:\n  - valid format: positive integer,"Checks if the invalid count for {column_name} is equal to the given {threshold}, ensuring the format is a positive integer"
487,invalid_count({column_name}) < {threshold}:\n  - valid format: positive integer,"Checks if the invalid count for {column_name} is less than the given {threshold}, ensuring the format is a positive integer"
488,invalid_count({column_name}) > {threshold}:\n  - valid format: positive integer,"Checks if the invalid count for {column_name} is exceeds the given {threshold}, ensuring the format is a positive integer"
489,invalid_count({column_name}) <= {threshold}:\n  - valid format: positive integer,"Checks if the invalid count for {column_name} is less or falls within the given {threshold}, ensuring the format is a positive integer"
490,invalid_count({column_name}) >= {threshold}:\n  - valid format: positive integer,"Checks if the invalid count for {column_name} exceeds or falls within the given {threshold}, ensuring the format is a positive integer"
491,invalid_count({column_name}) != {threshold}:\n  - valid format: positive integer,"Checks if the invalid count for {column_name} is not equal to the given {threshold}, ensuring the format is a positive integer"
492,invalid_count({column_name}) <> {threshold}:\n  - valid format: positive integer,"Checks if the invalid count for {column_name} is not equal to the given {threshold}, ensuring the format is a positive integer"
493,invalid_count({column_name}) between {threshold}:\n  - valid format: positive integer,"Checks if the invalid count for {column_name} is between the given {threshold}, ensuring the format is a positive integer"
494,invalid_count({column_name}) not between {threshold}:\n  - valid format: positive integer,"Checks if the invalid count for {column_name} is not between the given {threshold}, ensuring the format is a positive integer"
495,invalid_count({column_name}) = {threshold}:\n  - valid format: positive percentage,"Checks if the invalid count for {column_name} is equal to the given {threshold}, ensuring the format is a positive percentage"
496,invalid_count({column_name}) < {threshold}:\n  - valid format: positive percentage,"Checks if the invalid count for {column_name} is less than the given {threshold}, ensuring the format is a positive percentage"
497,invalid_count({column_name}) > {threshold}:\n  - valid format: positive percentage,"Checks if the invalid count for {column_name} is exceeds the given {threshold}, ensuring the format is a positive percentage"
498,invalid_count({column_name}) <= {threshold}:\n  - valid format: positive percentage,"Checks if the invalid count for {column_name} is less or falls within the given {threshold}, ensuring the format is a positive percentage"
499,invalid_count({column_name}) >= {threshold}:\n  - valid format: positive percentage,"Checks if the invalid count for {column_name} exceeds or falls within the given {threshold}, ensuring the format is a positive percentage"
500,invalid_count({column_name}) != {threshold}:\n  - valid format: positive percentage,"Checks if the invalid count for {column_name} is not equal to the given {threshold}, ensuring the format is a positive percentage"
501,invalid_count({column_name}) <> {threshold}:\n  - valid format: positive percentage,"Checks if the invalid count for {column_name} is not equal to the given {threshold}, ensuring the format is a positive percentage"
502,invalid_count({column_name}) between {threshold}:\n  - valid format: positive percentage,"Checks if the invalid count for {column_name} is between the given {threshold}, ensuring the format is a positive percentage"
503,invalid_count({column_name}) not between {threshold}:\n  - valid format: positive percentage,"Checks if the invalid count for {column_name} is not between the given {threshold}, ensuring the format is a positive percentage"
504,invalid_count({column_name}) = {threshold}:\n  - valid format: positive percentage comma,"Checks if the invalid count for {column_name} is equal to the given {threshold}, ensuring the format is a positive percentage with a comma (,) decimal indicator."
505,invalid_count({column_name}) < {threshold}:\n  - valid format: positive percentage comma,"Checks if the invalid count for {column_name} is less than the given {threshold}, ensuring the format is a positive percentage with a comma (,) decimal indicator."
506,invalid_count({column_name}) > {threshold}:\n  - valid format: positive percentage comma,"Checks if the invalid count for {column_name} is exceeds the given {threshold}, ensuring the format is a positive percentage with a comma (,) decimal indicator."
507,invalid_count({column_name}) <= {threshold}:\n  - valid format: positive percentage comma,"Checks if the invalid count for {column_name} is less or falls within the given {threshold}, ensuring the format is a positive percentage with a comma (,) decimal indicator."
508,invalid_count({column_name}) >= {threshold}:\n  - valid format: positive percentage comma,"Checks if the invalid count for {column_name} exceeds or falls within the given {threshold}, ensuring the format is a positive percentage with a comma (,) decimal indicator."
509,invalid_count({column_name}) != {threshold}:\n  - valid format: positive percentage comma,"Checks if the invalid count for {column_name} is not equal to the given {threshold}, ensuring the format is a positive percentage with a comma (,) decimal indicator."
510,invalid_count({column_name}) <> {threshold}:\n  - valid format: positive percentage comma,"Checks if the invalid count for {column_name} is not equal to the given {threshold}, ensuring the format is a positive percentage with a comma (,) decimal indicator."
511,invalid_count({column_name}) between {threshold}:\n  - valid format: positive percentage comma,"Checks if the invalid count for {column_name} is between the given {threshold}, ensuring the format is a positive percentage with a comma (,) decimal indicator."
512,invalid_count({column_name}) not between {threshold}:\n  - valid format: positive percentage comma,"Checks if the invalid count for {column_name} is not between the given {threshold}, ensuring the format is a positive percentage with a comma (,) decimal indicator."
513,invalid_count({column_name}) = {threshold}:\n  - valid format: positive percentage point,"Checks if the invalid count for {column_name} is equal to the given {threshold}, ensuring the format is a positive percentage with a period (.) decimal indicator."
514,invalid_count({column_name}) < {threshold}:\n  - valid format: positive percentage point,"Checks if the invalid count for {column_name} is less than the given {threshold}, ensuring the format is a positive percentage with a period (.) decimal indicator."
515,invalid_count({column_name}) > {threshold}:\n  - valid format: positive percentage point,"Checks if the invalid count for {column_name} is exceeds the given {threshold}, ensuring the format is a positive percentage with a period (.) decimal indicator."
516,invalid_count({column_name}) <= {threshold}:\n  - valid format: positive percentage point,"Checks if the invalid count for {column_name} is less or falls within the given {threshold}, ensuring the format is a positive percentage with a period (.) decimal indicator."
517,invalid_count({column_name}) >= {threshold}:\n  - valid format: positive percentage point,"Checks if the invalid count for {column_name} exceeds or falls within the given {threshold}, ensuring the format is a positive percentage with a period (.) decimal indicator."
518,invalid_count({column_name}) != {threshold}:\n  - valid format: positive percentage point,"Checks if the invalid count for {column_name} is not equal to the given {threshold}, ensuring the format is a positive percentage with a period (.) decimal indicator."
519,invalid_count({column_name}) <> {threshold}:\n  - valid format: positive percentage point,"Checks if the invalid count for {column_name} is not equal to the given {threshold}, ensuring the format is a positive percentage with a period (.) decimal indicator."
520,invalid_count({column_name}) between {threshold}:\n  - valid format: positive percentage point,"Checks if the invalid count for {column_name} is between the given {threshold}, ensuring the format is a positive percentage with a period (.) decimal indicator."
521,invalid_count({column_name}) not between {threshold}:\n  - valid format: positive percentage point,"Checks if the invalid count for {column_name} is not between the given {threshold}, ensuring the format is a positive percentage with a period (.) decimal indicator."
522,invalid_count({column_name}) = {threshold}:\n  - valid format: time 12h,"Checks if the invalid count for {column_name} is equal to the given {threshold}, ensuring the format is 12-hour clock: hh:mm:ss"
523,invalid_count({column_name}) < {threshold}:\n  - valid format: time 12h,"Checks if the invalid count for {column_name} is less than the given {threshold}, ensuring the format is 12-hour clock: hh:mm:ss"
524,invalid_count({column_name}) > {threshold}:\n  - valid format: time 12h,"Checks if the invalid count for {column_name} is exceeds the given {threshold}, ensuring the format is 12-hour clock: hh:mm:ss"
525,invalid_count({column_name}) <= {threshold}:\n  - valid format: time 12h,"Checks if the invalid count for {column_name} is less or falls within the given {threshold}, ensuring the format is 12-hour clock: hh:mm:ss"
526,invalid_count({column_name}) >= {threshold}:\n  - valid format: time 12h,"Checks if the invalid count for {column_name} exceeds or falls within the given {threshold}, ensuring the format is 12-hour clock: hh:mm:ss"
527,invalid_count({column_name}) != {threshold}:\n  - valid format: time 12h,"Checks if the invalid count for {column_name} is not equal to the given {threshold}, ensuring the format is 12-hour clock: hh:mm:ss"
528,invalid_count({column_name}) <> {threshold}:\n  - valid format: time 12h,"Checks if the invalid count for {column_name} is not equal to the given {threshold}, ensuring the format is 12-hour clock: hh:mm:ss"
529,invalid_count({column_name}) between {threshold}:\n  - valid format: time 12h,"Checks if the invalid count for {column_name} is between the given {threshold}, ensuring the format is 12-hour clock: hh:mm:ss"
530,invalid_count({column_name}) not between {threshold}:\n  - valid format: time 12h,"Checks if the invalid count for {column_name} is not between the given {threshold}, ensuring the format is 12-hour clock: hh:mm:ss"
531,invalid_count({column_name}) = {threshold}:\n  - valid format: time 12h nosec,"Checks if the invalid count for {column_name} is equal to the given {threshold}, ensuring the format is 12-hour clock: hh:mm"
532,invalid_count({column_name}) < {threshold}:\n  - valid format: time 12h nosec,"Checks if the invalid count for {column_name} is less than the given {threshold}, ensuring the format is 12-hour clock: hh:mm"
533,invalid_count({column_name}) > {threshold}:\n  - valid format: time 12h nosec,"Checks if the invalid count for {column_name} is exceeds the given {threshold}, ensuring the format is 12-hour clock: hh:mm"
534,invalid_count({column_name}) <= {threshold}:\n  - valid format: time 12h nosec,"Checks if the invalid count for {column_name} is less or falls within the given {threshold}, ensuring the format is 12-hour clock: hh:mm"
535,invalid_count({column_name}) >= {threshold}:\n  - valid format: time 12h nosec,"Checks if the invalid count for {column_name} exceeds or falls within the given {threshold}, ensuring the format is 12-hour clock: hh:mm"
536,invalid_count({column_name}) != {threshold}:\n  - valid format: time 12h nosec,"Checks if the invalid count for {column_name} is not equal to the given {threshold}, ensuring the format is 12-hour clock: hh:mm"
537,invalid_count({column_name}) <> {threshold}:\n  - valid format: time 12h nosec,"Checks if the invalid count for {column_name} is not equal to the given {threshold}, ensuring the format is 12-hour clock: hh:mm"
538,invalid_count({column_name}) between {threshold}:\n  - valid format: time 12h nosec,"Checks if the invalid count for {column_name} is between the given {threshold}, ensuring the format is 12-hour clock: hh:mm"
539,invalid_count({column_name}) not between {threshold}:\n  - valid format: time 12h nosec,"Checks if the invalid count for {column_name} is not between the given {threshold}, ensuring the format is 12-hour clock: hh:mm"
540,invalid_count({column_name}) = {threshold}:\n  - valid format: time 24h,"Checks if the invalid count for {column_name} is equal to the given {threshold}, ensuring the format is 24-hour clock : hh:mm:ss"
541,invalid_count({column_name}) < {threshold}:\n  - valid format: time 24h,"Checks if the invalid count for {column_name} is less than the given {threshold}, ensuring the format is 24-hour clock : hh:mm:ss"
542,invalid_count({column_name}) > {threshold}:\n  - valid format: time 24h,"Checks if the invalid count for {column_name} is exceeds the given {threshold}, ensuring the format is 24-hour clock : hh:mm:ss"
543,invalid_count({column_name}) <= {threshold}:\n  - valid format: time 24h,"Checks if the invalid count for {column_name} is less or falls within the given {threshold}, ensuring the format is 24-hour clock : hh:mm:ss"
544,invalid_count({column_name}) >= {threshold}:\n  - valid format: time 24h,"Checks if the invalid count for {column_name} exceeds or falls within the given {threshold}, ensuring the format is 24-hour clock : hh:mm:ss"
545,invalid_count({column_name}) != {threshold}:\n  - valid format: time 24h,"Checks if the invalid count for {column_name} is not equal to the given {threshold}, ensuring the format is 24-hour clock : hh:mm:ss"
546,invalid_count({column_name}) <> {threshold}:\n  - valid format: time 24h,"Checks if the invalid count for {column_name} is not equal to the given {threshold}, ensuring the format is 24-hour clock : hh:mm:ss"
547,invalid_count({column_name}) between {threshold}:\n  - valid format: time 24h,"Checks if the invalid count for {column_name} is between the given {threshold}, ensuring the format is 24-hour clock : hh:mm:ss"
548,invalid_count({column_name}) not between {threshold}:\n  - valid format: time 24h,"Checks if the invalid count for {column_name} is not between the given {threshold}, ensuring the format is 24-hour clock : hh:mm:ss"
549,invalid_count({column_name}) = {threshold}:\n  - valid format: time 24h nosec,"Checks if the invalid count for {column_name} is equal to the given {threshold}, ensuring the format is 24-hour clock: hh:mm"
550,invalid_count({column_name}) < {threshold}:\n  - valid format: time 24h nosec,"Checks if the invalid count for {column_name} is less than the given {threshold}, ensuring the format is 24-hour clock: hh:mm"
551,invalid_count({column_name}) > {threshold}:\n  - valid format: time 24h nosec,"Checks if the invalid count for {column_name} is exceeds the given {threshold}, ensuring the format is 24-hour clock: hh:mm"
552,invalid_count({column_name}) <= {threshold}:\n  - valid format: time 24h nosec,"Checks if the invalid count for {column_name} is less or falls within the given {threshold}, ensuring the format is 24-hour clock: hh:mm"
553,invalid_count({column_name}) >= {threshold}:\n  - valid format: time 24h nosec,"Checks if the invalid count for {column_name} exceeds or falls within the given {threshold}, ensuring the format is 24-hour clock: hh:mm"
554,invalid_count({column_name}) != {threshold}:\n  - valid format: time 24h nosec,"Checks if the invalid count for {column_name} is not equal to the given {threshold}, ensuring the format is 24-hour clock: hh:mm"
555,invalid_count({column_name}) <> {threshold}:\n  - valid format: time 24h nosec,"Checks if the invalid count for {column_name} is not equal to the given {threshold}, ensuring the format is 24-hour clock: hh:mm"
556,invalid_count({column_name}) between {threshold}:\n  - valid format: time 24h nosec,"Checks if the invalid count for {column_name} is between the given {threshold}, ensuring the format is 24-hour clock: hh:mm"
557,invalid_count({column_name}) not between {threshold}:\n  - valid format: time 24h nosec,"Checks if the invalid count for {column_name} is not between the given {threshold}, ensuring the format is 24-hour clock: hh:mm"
558,invalid_count({column_name}) = {threshold}:\n  - valid format: timestamp 12h,"Checks if the invalid count for {column_name} is equal to the given {threshold}, ensuring the format is a timestamp with 12-hour clock format: hh:mm:ss"
559,invalid_count({column_name}) < {threshold}:\n  - valid format: timestamp 12h,"Checks if the invalid count for {column_name} is less than the given {threshold}, ensuring the format is a timestamp with 12-hour clock format: hh:mm:ss"
560,invalid_count({column_name}) > {threshold}:\n  - valid format: timestamp 12h,"Checks if the invalid count for {column_name} is exceeds the given {threshold}, ensuring the format is a timestamp with 12-hour clock format: hh:mm:ss"
561,invalid_count({column_name}) <= {threshold}:\n  - valid format: timestamp 12h,"Checks if the invalid count for {column_name} is less or falls within the given {threshold}, ensuring the format is a timestamp with 12-hour clock format: hh:mm:ss"
562,invalid_count({column_name}) >= {threshold}:\n  - valid format: timestamp 12h,"Checks if the invalid count for {column_name} exceeds or falls within the given {threshold}, ensuring the format is a timestamp with 12-hour clock format: hh:mm:ss"
563,invalid_count({column_name}) != {threshold}:\n  - valid format: timestamp 12h,"Checks if the invalid count for {column_name} is not equal to the given {threshold}, ensuring the format is a timestamp with 12-hour clock format: hh:mm:ss"
564,invalid_count({column_name}) <> {threshold}:\n  - valid format: timestamp 12h,"Checks if the invalid count for {column_name} is not equal to the given {threshold}, ensuring the format is a timestamp with 12-hour clock format: hh:mm:ss"
565,invalid_count({column_name}) between {threshold}:\n  - valid format: timestamp 12h,"Checks if the invalid count for {column_name} is between the given {threshold}, ensuring the format is a timestamp with 12-hour clock format: hh:mm:ss"
566,invalid_count({column_name}) not between {threshold}:\n  - valid format: timestamp 12h,"Checks if the invalid count for {column_name} is not between the given {threshold}, ensuring the format is a timestamp with 12-hour clock format: hh:mm:ss"
567,invalid_count({column_name}) = {threshold}:\n  - valid format: timestamp 24h,"Checks if the invalid count for {column_name} is equal to the given {threshold}, ensuring the format is a timestamp with 24-hour clock format: hh:mm:ss"
568,invalid_count({column_name}) < {threshold}:\n  - valid format: timestamp 24h,"Checks if the invalid count for {column_name} is less than the given {threshold}, ensuring the format is a timestamp with 24-hour clock format: hh:mm:ss"
569,invalid_count({column_name}) > {threshold}:\n  - valid format: timestamp 24h,"Checks if the invalid count for {column_name} is exceeds the given {threshold}, ensuring the format is a timestamp with 24-hour clock format: hh:mm:ss"
570,invalid_count({column_name}) <= {threshold}:\n  - valid format: timestamp 24h,"Checks if the invalid count for {column_name} is less or falls within the given {threshold}, ensuring the format is a timestamp with 24-hour clock format: hh:mm:ss"
571,invalid_count({column_name}) >= {threshold}:\n  - valid format: timestamp 24h,"Checks if the invalid count for {column_name} exceeds or falls within the given {threshold}, ensuring the format is a timestamp with 24-hour clock format: hh:mm:ss"
572,invalid_count({column_name}) != {threshold}:\n  - valid format: timestamp 24h,"Checks if the invalid count for {column_name} is not equal to the given {threshold}, ensuring the format is a timestamp with 24-hour clock format: hh:mm:ss"
573,invalid_count({column_name}) <> {threshold}:\n  - valid format: timestamp 24h,"Checks if the invalid count for {column_name} is not equal to the given {threshold}, ensuring the format is a timestamp with 24-hour clock format: hh:mm:ss"
574,invalid_count({column_name}) between {threshold}:\n  - valid format: timestamp 24h,"Checks if the invalid count for {column_name} is between the given {threshold}, ensuring the format is a timestamp with 24-hour clock format: hh:mm:ss"
575,invalid_count({column_name}) not between {threshold}:\n  - valid format: timestamp 24h,"Checks if the invalid count for {column_name} is not between the given {threshold}, ensuring the format is a timestamp with 24-hour clock format: hh:mm:ss"
576,invalid_count({column_name}) = {threshold}:\n  - valid format: uuid,"Checks if the invalid count for {column_name} is equal to the given {threshold}, ensuring the format is is an standard Universally unique identifier."
577,invalid_count({column_name}) < {threshold}:\n  - valid format: uuid,"Checks if the invalid count for {column_name} is less than the given {threshold}, ensuring the format is is an standard Universally unique identifier."
578,invalid_count({column_name}) > {threshold}:\n  - valid format: uuid,"Checks if the invalid count for {column_name} is exceeds the given {threshold}, ensuring the format is is an standard Universally unique identifier."
579,invalid_count({column_name}) <= {threshold}:\n  - valid format: uuid,"Checks if the invalid count for {column_name} is less or falls within the given {threshold}, ensuring the format is is an standard Universally unique identifier."
580,invalid_count({column_name}) >= {threshold}:\n  - valid format: uuid,"Checks if the invalid count for {column_name} exceeds or falls within the given {threshold}, ensuring the format is is an standard Universally unique identifier."
581,invalid_count({column_name}) != {threshold}:\n  - valid format: uuid,"Checks if the invalid count for {column_name} is not equal to the given {threshold}, ensuring the format is is an standard Universally unique identifier."
582,invalid_count({column_name}) <> {threshold}:\n  - valid format: uuid,"Checks if the invalid count for {column_name} is not equal to the given {threshold}, ensuring the format is is an standard Universally unique identifier."
583,invalid_count({column_name}) between {threshold}:\n  - valid format: uuid,"Checks if the invalid count for {column_name} is between the given {threshold}, ensuring the format is is an standard Universally unique identifier."
584,invalid_count({column_name}) not between {threshold}:\n  - valid format: uuid,"Checks if the invalid count for {column_name} is not between the given {threshold}, ensuring the format is is an standard Universally unique identifier."
585,invalid_count({column_name}) = {threshold}:\n  - valid regex: (regex_pattern),"Checks if the invalid count for {column_name} is equal to the given {threshold}, ensuring the value match the regex pattern "
586,invalid_count({column_name}) < {threshold}:\n  - valid regex: (regex_pattern),"Checks if the invalid count for {column_name} is less than the given {threshold}, ensuring the value match the regex pattern "
587,invalid_count({column_name}) > {threshold}:\n  - valid regex: (regex_pattern),"Checks if the invalid count for {column_name} is exceeds the given {threshold}, ensuring the value match the regex pattern "
588,invalid_count({column_name}) <= {threshold}:\n  - valid regex: (regex_pattern),"Checks if the invalid count for {column_name} is less or falls within the given {threshold}, ensuring the value match the regex pattern "
589,invalid_count({column_name}) >= {threshold}:\n  - valid regex: (regex_pattern),"Checks if the invalid count for {column_name} exceeds or falls within the given {threshold}, ensuring the value match the regex pattern "
590,invalid_count({column_name}) != {threshold}:\n  - valid regex: (regex_pattern),"Checks if the invalid count for {column_name} is not equal to the given {threshold}, ensuring the value match the regex pattern "
591,invalid_count({column_name}) <> {threshold}:\n  - valid regex: (regex_pattern),"Checks if the invalid count for {column_name} is not equal to the given {threshold}, ensuring the value match the regex pattern "
592,invalid_count({column_name}) between {threshold}:\n  - valid regex: (regex_pattern),"Checks if the invalid count for {column_name} is between the given {threshold}, ensuring the value match the regex pattern "
593,invalid_count({column_name}) not between {threshold}:\n  - valid regex: (regex_pattern),"Checks if the invalid count for {column_name} is not between the given {threshold}, ensuring the value match the regex pattern "
594,invalid_count({column_name}) = {threshold}:\n  - valid values: [list_of_valid values],"Checks if the invalid count for {column_name} is equal to the given {threshold}, ensuring the data in the column matches any value from [list_of_valid values]. "
595,invalid_count({column_name}) < {threshold}:\n  - valid values: [list_of_valid values],"Checks if the invalid count for {column_name} is less than the given {threshold}, ensuring the data in the column matches any value from [list_of_valid values]. "
596,invalid_count({column_name}) > {threshold}:\n  - valid values: [list_of_valid values],"Checks if the invalid count for {column_name} is exceeds the given {threshold}, ensuring the data in the column matches any value from [list_of_valid values]. "
597,invalid_count({column_name}) <= {threshold}:\n  - valid values: [list_of_valid values],"Checks if the invalid count for {column_name} is less or falls within the given {threshold}, ensuring the data in the column matches any value from [list_of_valid values]. "
598,invalid_count({column_name}) >= {threshold}:\n  - valid values: [list_of_valid values],"Checks if the invalid count for {column_name} exceeds or falls within the given {threshold}, ensuring the data in the column matches any value from [list_of_valid values]. "
599,invalid_count({column_name}) != {threshold}:\n  - valid values: [list_of_valid values],"Checks if the invalid count for {column_name} is not equal to the given {threshold}, ensuring the data in the column matches any value from [list_of_valid values]. "
600,invalid_count({column_name}) <> {threshold}:\n  - valid values: [list_of_valid values],"Checks if the invalid count for {column_name} is not equal to the given {threshold}, ensuring the data in the column matches any value from [list_of_valid values]. "
601,invalid_count({column_name}) between {threshold}:\n  - valid values: [list_of_valid values],"Checks if the invalid count for {column_name} is between the given {threshold}, ensuring the data in the column matches any value from [list_of_valid values]. "
602,invalid_count({column_name}) not between {threshold}:\n  - valid values: [list_of_valid values],"Checks if the invalid count for {column_name} is not between the given {threshold}, ensuring the data in the column matches any value from [list_of_valid values]. "
603,invalid_count({column_name}) = {threshold}:\n  - invalid format: credit card number,"Checks if the invalid count for {column_name} is not equal to the given {threshold}, ensuring the format is a standard credit card numbers."
604,invalid_count({column_name}) < {threshold}:\n  - invalid format: credit card number,"Checks if the invalid count for {column_name} is less than the given {threshold}, ensuring the format is a standard credit card numbers."
605,invalid_count({column_name}) > {threshold}:\n  - invalid format: credit card number,"Checks if the invalid count for {column_name} is exceeds the given {threshold}, ensuring the format is a standard credit card numbers."
606,invalid_count({column_name}) <= {threshold}:\n  - invalid format: credit card number,"Checks if the invalid count for {column_name} is less or falls within the given {threshold}, ensuring the format is a standard credit card numbers."
607,invalid_count({column_name}) >= {threshold}:\n  - invalid format: credit card number,"Checks if the invalid count for {column_name} exceeds or falls within the given {threshold}, ensuring the format is a standard credit card numbers."
608,invalid_count({column_name}) != {threshold}:\n  - invalid format: credit card number,"Checks if the invalid count for {column_name} is not equal to the given {threshold}, ensuring the format is a standard credit card numbers."
609,invalid_count({column_name}) <> {threshold}:\n  - invalid format: credit card number,"Checks if the invalid count for {column_name} is not equal to the given {threshold}, ensuring the format is a standard credit card numbers."
610,invalid_count({column_name}) between {threshold}:\n  - invalid format: credit card number,"Checks if the invalid count for {column_name} is between the given {threshold}, ensuring the format is a standard credit card numbers."
611,invalid_count({column_name}) not between {threshold}:\n  - invalid format: credit card number,"Checks if the invalid count for {column_name} is not between the given {threshold}, ensuring the format is a standard credit card numbers."
612,invalid_count({column_name}) = {threshold}:\n  - invalid format: date eu,"Checks if the invalid count for {column_name} is not equal to the given {threshold}, ensuring the format is a date: dd/mm/yyyy (excluding time) a date (excluding time): dd/mm/yyyy"
613,invalid_count({column_name}) < {threshold}:\n  - invalid format: date eu,"Checks if the invalid count for {column_name} is less than the given {threshold}, ensuring the format is a date: dd/mm/yyyy (excluding time) a date (excluding time): dd/mm/yyyy"
614,invalid_count({column_name}) > {threshold}:\n  - invalid format: date eu,"Checks if the invalid count for {column_name} is exceeds the given {threshold}, ensuring the format is a date: dd/mm/yyyy (excluding time) a date (excluding time): dd/mm/yyyy"
615,invalid_count({column_name}) <= {threshold}:\n  - invalid format: date eu,"Checks if the invalid count for {column_name} is less or falls within the given {threshold}, ensuring the format is a date: dd/mm/yyyy (excluding time) a date (excluding time): dd/mm/yyyy"
616,invalid_count({column_name}) >= {threshold}:\n  - invalid format: date eu,"Checks if the invalid count for {column_name} exceeds or falls within the given {threshold}, ensuring the format is a date: dd/mm/yyyy (excluding time) a date (excluding time): dd/mm/yyyy"
617,invalid_count({column_name}) != {threshold}:\n  - invalid format: date eu,"Checks if the invalid count for {column_name} is not equal to the given {threshold}, ensuring the format is a date: dd/mm/yyyy (excluding time) a date (excluding time): dd/mm/yyyy"
618,invalid_count({column_name}) <> {threshold}:\n  - invalid format: date eu,"Checks if the invalid count for {column_name} is not equal to the given {threshold}, ensuring the format is a date: dd/mm/yyyy (excluding time) a date (excluding time): dd/mm/yyyy"
619,invalid_count({column_name}) between {threshold}:\n  - invalid format: date eu,"Checks if the invalid count for {column_name} is between the given {threshold}, ensuring the format is a date: dd/mm/yyyy (excluding time) a date (excluding time): dd/mm/yyyy"
620,invalid_count({column_name}) not between {threshold}:\n  - invalid format: date eu,"Checks if the invalid count for {column_name} is not between the given {threshold}, ensuring the format is a date: dd/mm/yyyy (excluding time) a date (excluding time): dd/mm/yyyy"
621,invalid_count({column_name}) = {threshold}:\n  - invalid format: date inverse,"Checks if the invalid count for {column_name} is not equal to the given {threshold}, ensuring the format is a date (excluding time): yyyy/mm/dd"
622,invalid_count({column_name}) < {threshold}:\n  - invalid format: date inverse,"Checks if the invalid count for {column_name} is less than the given {threshold}, ensuring the format is a date (excluding time): yyyy/mm/dd"
623,invalid_count({column_name}) > {threshold}:\n  - invalid format: date inverse,"Checks if the invalid count for {column_name} is exceeds the given {threshold}, ensuring the format is a date (excluding time): yyyy/mm/dd"
624,invalid_count({column_name}) <= {threshold}:\n  - invalid format: date inverse,"Checks if the invalid count for {column_name} is less or falls within the given {threshold}, ensuring the format is a date (excluding time): yyyy/mm/dd"
625,invalid_count({column_name}) >= {threshold}:\n  - invalid format: date inverse,"Checks if the invalid count for {column_name} exceeds or falls within the given {threshold}, ensuring the format is a date (excluding time): yyyy/mm/dd"
626,invalid_count({column_name}) != {threshold}:\n  - invalid format: date inverse,"Checks if the invalid count for {column_name} is not equal to the given {threshold}, ensuring the format is a date (excluding time): yyyy/mm/dd"
627,invalid_count({column_name}) <> {threshold}:\n  - invalid format: date inverse,"Checks if the invalid count for {column_name} is not equal to the given {threshold}, ensuring the format is a date (excluding time): yyyy/mm/dd"
628,invalid_count({column_name}) between {threshold}:\n  - invalid format: date inverse,"Checks if the invalid count for {column_name} is between the given {threshold}, ensuring the format is a date (excluding time): yyyy/mm/dd"
629,invalid_count({column_name}) not between {threshold}:\n  - invalid format: date inverse,"Checks if the invalid count for {column_name} is not between the given {threshold}, ensuring the format is a date (excluding time): yyyy/mm/dd"
630,invalid_count({column_name}) = {threshold}:\n  - invalid format: date iso 8601,"Checks if the invalid count for {column_name} is not equal to the given {threshold}, ensuring the format is ISO 8601 for date and/or time"
631,invalid_count({column_name}) < {threshold}:\n  - invalid format: date iso 8601,"Checks if the invalid count for {column_name} is less than the given {threshold}, ensuring the format is ISO 8601 for date and/or time"
632,invalid_count({column_name}) > {threshold}:\n  - invalid format: date iso 8601,"Checks if the invalid count for {column_name} is exceeds the given {threshold}, ensuring the format is ISO 8601 for date and/or time"
633,invalid_count({column_name}) <= {threshold}:\n  - invalid format: date iso 8601,"Checks if the invalid count for {column_name} is less or falls within the given {threshold}, ensuring the format is ISO 8601 for date and/or time"
634,invalid_count({column_name}) >= {threshold}:\n  - invalid format: date iso 8601,"Checks if the invalid count for {column_name} exceeds or falls within the given {threshold}, ensuring the format is ISO 8601 for date and/or time"
635,invalid_count({column_name}) != {threshold}:\n  - invalid format: date iso 8601,"Checks if the invalid count for {column_name} is not equal to the given {threshold}, ensuring the format is ISO 8601 for date and/or time"
636,invalid_count({column_name}) <> {threshold}:\n  - invalid format: date iso 8601,"Checks if the invalid count for {column_name} is not equal to the given {threshold}, ensuring the format is ISO 8601 for date and/or time"
637,invalid_count({column_name}) between {threshold}:\n  - invalid format: date iso 8601,"Checks if the invalid count for {column_name} is between the given {threshold}, ensuring the format is ISO 8601 for date and/or time"
638,invalid_count({column_name}) not between {threshold}:\n  - invalid format: date iso 8601,"Checks if the invalid count for {column_name} is not between the given {threshold}, ensuring the format is ISO 8601 for date and/or time"
639,invalid_count({column_name}) = {threshold}:\n  - invalid format: date us,"Checks if the invalid count for {column_name} is not equal to the given {threshold}, ensuring the format is a date (excluding time): mm/dd/yyyy"
640,invalid_count({column_name}) < {threshold}:\n  - invalid format: date us,"Checks if the invalid count for {column_name} is less than the given {threshold}, ensuring the format is a date (excluding time): mm/dd/yyyy"
641,invalid_count({column_name}) > {threshold}:\n  - invalid format: date us,"Checks if the invalid count for {column_name} is exceeds the given {threshold}, ensuring the format is a date (excluding time): mm/dd/yyyy"
642,invalid_count({column_name}) <= {threshold}:\n  - invalid format: date us,"Checks if the invalid count for {column_name} is less or falls within the given {threshold}, ensuring the format is a date (excluding time): mm/dd/yyyy"
643,invalid_count({column_name}) >= {threshold}:\n  - invalid format: date us,"Checks if the invalid count for {column_name} exceeds or falls within the given {threshold}, ensuring the format is a date (excluding time): mm/dd/yyyy"
644,invalid_count({column_name}) != {threshold}:\n  - invalid format: date us,"Checks if the invalid count for {column_name} is not equal to the given {threshold}, ensuring the format is a date (excluding time): mm/dd/yyyy"
645,invalid_count({column_name}) <> {threshold}:\n  - invalid format: date us,"Checks if the invalid count for {column_name} is not equal to the given {threshold}, ensuring the format is a date (excluding time): mm/dd/yyyy"
646,invalid_count({column_name}) between {threshold}:\n  - invalid format: date us,"Checks if the invalid count for {column_name} is between the given {threshold}, ensuring the format is a date (excluding time): mm/dd/yyyy"
647,invalid_count({column_name}) not between {threshold}:\n  - invalid format: date us,"Checks if the invalid count for {column_name} is not between the given {threshold}, ensuring the format is a date (excluding time): mm/dd/yyyy"
648,invalid_count({column_name}) = {threshold}:\n  - invalid format: decimal,"Checks if the invalid count for {column_name} is not equal to the given {threshold}, ensuring the format is a number that uses a comma (,) or period (.) as a decimal indicator."
649,invalid_count({column_name}) < {threshold}:\n  - invalid format: decimal,"Checks if the invalid count for {column_name} is less than the given {threshold}, ensuring the format is a number that uses a comma (,) or period (.) as a decimal indicator."
650,invalid_count({column_name}) > {threshold}:\n  - invalid format: decimal,"Checks if the invalid count for {column_name} is exceeds the given {threshold}, ensuring the format is a number that uses a comma (,) or period (.) as a decimal indicator."
651,invalid_count({column_name}) <= {threshold}:\n  - invalid format: decimal,"Checks if the invalid count for {column_name} is less or falls within the given {threshold}, ensuring the format is a number that uses a comma (,) or period (.) as a decimal indicator."
652,invalid_count({column_name}) >= {threshold}:\n  - invalid format: decimal,"Checks if the invalid count for {column_name} exceeds or falls within the given {threshold}, ensuring the format is a number that uses a comma (,) or period (.) as a decimal indicator."
653,invalid_count({column_name}) != {threshold}:\n  - invalid format: decimal,"Checks if the invalid count for {column_name} is not equal to the given {threshold}, ensuring the format is a number that uses a comma (,) or period (.) as a decimal indicator."
654,invalid_count({column_name}) <> {threshold}:\n  - invalid format: decimal,"Checks if the invalid count for {column_name} is not equal to the given {threshold}, ensuring the format is a number that uses a comma (,) or period (.) as a decimal indicator."
655,invalid_count({column_name}) between {threshold}:\n  - invalid format: decimal,"Checks if the invalid count for {column_name} is between the given {threshold}, ensuring the format is a number that uses a comma (,) or period (.) as a decimal indicator."
656,invalid_count({column_name}) not between {threshold}:\n  - invalid format: decimal,"Checks if the invalid count for {column_name} is not between the given {threshold}, ensuring the format is a number that uses a comma (,) or period (.) as a decimal indicator."
657,invalid_count({column_name}) = {threshold}:\n  - invalid format: decimal comma,"Checks if the invalid count for {column_name} is not equal to the given {threshold}, ensuring the format is a number that uses  uses comma (,) as decimal indicator."
658,invalid_count({column_name}) < {threshold}:\n  - invalid format: decimal comma,"Checks if the invalid count for {column_name} is less than the given {threshold}, ensuring the format is a number that uses  uses comma (,) as decimal indicator."
659,invalid_count({column_name}) > {threshold}:\n  - invalid format: decimal comma,"Checks if the invalid count for {column_name} is exceeds the given {threshold}, ensuring the format is a number that uses  uses comma (,) as decimal indicator."
660,invalid_count({column_name}) <= {threshold}:\n  - invalid format: decimal comma,"Checks if the invalid count for {column_name} is less or falls within the given {threshold}, ensuring the format is a number that uses  uses comma (,) as decimal indicator."
661,invalid_count({column_name}) >= {threshold}:\n  - invalid format: decimal comma,"Checks if the invalid count for {column_name} exceeds or falls within the given {threshold}, ensuring the format is a number that uses  uses comma (,) as decimal indicator."
662,invalid_count({column_name}) != {threshold}:\n  - invalid format: decimal comma,"Checks if the invalid count for {column_name} is not equal to the given {threshold}, ensuring the format is a number that uses  uses comma (,) as decimal indicator."
663,invalid_count({column_name}) <> {threshold}:\n  - invalid format: decimal comma,"Checks if the invalid count for {column_name} is not equal to the given {threshold}, ensuring the format is a number that uses  uses comma (,) as decimal indicator."
664,invalid_count({column_name}) between {threshold}:\n  - invalid format: decimal comma,"Checks if the invalid count for {column_name} is between the given {threshold}, ensuring the format is a number that uses  uses comma (,) as decimal indicator."
665,invalid_count({column_name}) not between {threshold}:\n  - invalid format: decimal comma,"Checks if the invalid count for {column_name} is not between the given {threshold}, ensuring the format is a number that uses  uses comma (,) as decimal indicator."
666,invalid_count({column_name}) = {threshold}:\n  - invalid format: decimal point,"Checks if the invalid count for {column_name} is not equal to the given {threshold}, ensuring the format is a number that uses period (.) as decimal indicator."
667,invalid_count({column_name}) < {threshold}:\n  - invalid format: decimal point,"Checks if the invalid count for {column_name} is less than the given {threshold}, ensuring the format is a number that uses period (.) as decimal indicator."
668,invalid_count({column_name}) > {threshold}:\n  - invalid format: decimal point,"Checks if the invalid count for {column_name} is exceeds the given {threshold}, ensuring the format is a number that uses period (.) as decimal indicator."
669,invalid_count({column_name}) <= {threshold}:\n  - invalid format: decimal point,"Checks if the invalid count for {column_name} is less or falls within the given {threshold}, ensuring the format is a number that uses period (.) as decimal indicator."
670,invalid_count({column_name}) >= {threshold}:\n  - invalid format: decimal point,"Checks if the invalid count for {column_name} exceeds or falls within the given {threshold}, ensuring the format is a number that uses period (.) as decimal indicator."
671,invalid_count({column_name}) != {threshold}:\n  - invalid format: decimal point,"Checks if the invalid count for {column_name} is not equal to the given {threshold}, ensuring the format is a number that uses period (.) as decimal indicator."
672,invalid_count({column_name}) <> {threshold}:\n  - invalid format: decimal point,"Checks if the invalid count for {column_name} is not equal to the given {threshold}, ensuring the format is a number that uses period (.) as decimal indicator."
673,invalid_count({column_name}) between {threshold}:\n  - invalid format: decimal point,"Checks if the invalid count for {column_name} is between the given {threshold}, ensuring the format is a number that uses period (.) as decimal indicator."
674,invalid_count({column_name}) not between {threshold}:\n  - invalid format: decimal point,"Checks if the invalid count for {column_name} is not between the given {threshold}, ensuring the format is a number that uses period (.) as decimal indicator."
675,invalid_count({column_name}) = {threshold}:\n  - invalid format: email,"Checks if the invalid count for {column_name} is not equal to the given {threshold}, ensuring the format is an standard email: name@domain.extension"
676,invalid_count({column_name}) < {threshold}:\n  - invalid format: email,"Checks if the invalid count for {column_name} is less than the given {threshold}, ensuring the format is an standard email: name@domain.extension"
677,invalid_count({column_name}) > {threshold}:\n  - invalid format: email,"Checks if the invalid count for {column_name} is exceeds the given {threshold}, ensuring the format is an standard email: name@domain.extension"
678,invalid_count({column_name}) <= {threshold}:\n  - invalid format: email,"Checks if the invalid count for {column_name} is less or falls within the given {threshold}, ensuring the format is an standard email: name@domain.extension"
679,invalid_count({column_name}) >= {threshold}:\n  - invalid format: email,"Checks if the invalid count for {column_name} exceeds or falls within the given {threshold}, ensuring the format is an standard email: name@domain.extension"
680,invalid_count({column_name}) != {threshold}:\n  - invalid format: email,"Checks if the invalid count for {column_name} is not equal to the given {threshold}, ensuring the format is an standard email: name@domain.extension"
681,invalid_count({column_name}) <> {threshold}:\n  - invalid format: email,"Checks if the invalid count for {column_name} is not equal to the given {threshold}, ensuring the format is an standard email: name@domain.extension"
682,invalid_count({column_name}) between {threshold}:\n  - invalid format: email,"Checks if the invalid count for {column_name} is between the given {threshold}, ensuring the format is an standard email: name@domain.extension"
683,invalid_count({column_name}) not between {threshold}:\n  - invalid format: email,"Checks if the invalid count for {column_name} is not between the given {threshold}, ensuring the format is an standard email: name@domain.extension"
684,invalid_count({column_name}) = {threshold}:\n  - invalid format: integer,"Checks if the invalid count for {column_name} is not equal to the given {threshold}, ensuring the format is an integer"
685,invalid_count({column_name}) < {threshold}:\n  - invalid format: integer,"Checks if the invalid count for {column_name} is less than the given {threshold}, ensuring the format is an integer"
686,invalid_count({column_name}) > {threshold}:\n  - invalid format: integer,"Checks if the invalid count for {column_name} is exceeds the given {threshold}, ensuring the format is not an integer"
687,invalid_count({column_name}) <= {threshold}:\n  - invalid format: integer,"Checks if the invalid count for {column_name} is less or falls within the given {threshold}, ensuring the format is not an integer"
688,invalid_count({column_name}) >= {threshold}:\n  - invalid format: integer,"Checks if the invalid count for {column_name} exceeds or falls within the given {threshold}, ensuring the format is not an integer"
689,invalid_count({column_name}) != {threshold}:\n  - invalid format: integer,"Checks if the invalid count for {column_name} is not equal to the given {threshold}, ensuring the format is not an integer"
690,invalid_count({column_name}) <> {threshold}:\n  - invalid format: integer,"Checks if the invalid count for {column_name} is not equal to the given {threshold}, ensuring the format is not an integer"
691,invalid_count({column_name}) between {threshold}:\n  - invalid format: integer,"Checks if the invalid count for {column_name} is between the given {threshold}, ensuring the format is not an integer"
692,invalid_count({column_name}) not between {threshold}:\n  - invalid format: integer,"Checks if the invalid count for {column_name} is not between the given {threshold}, ensuring the format is not an integer"
693,invalid_count({column_name}) = {threshold}:\n  - invalid format: ip address,"Checks if the invalid count for {column_name} is not equal to the given {threshold}, ensuring the format is not a standard IP address: four integers separated by period (.)"
694,invalid_count({column_name}) < {threshold}:\n  - invalid format: ip address,"Checks if the invalid count for {column_name} is less than the given {threshold}, ensuring the format is not a standard IP address: four integers separated by period (.)"
695,invalid_count({column_name}) > {threshold}:\n  - invalid format: ip address,"Checks if the invalid count for {column_name} is exceeds the given {threshold}, ensuring the format is not a standard IP address: four integers separated by period (.)"
696,invalid_count({column_name}) <= {threshold}:\n  - invalid format: ip address,"Checks if the invalid count for {column_name} is less or falls within the given {threshold}, ensuring the format is not a standard IP address: four integers separated by period (.)"
697,invalid_count({column_name}) >= {threshold}:\n  - invalid format: ip address,"Checks if the invalid count for {column_name} exceeds or falls within the given {threshold}, ensuring the format is not a standard IP address: four integers separated by period (.)"
698,invalid_count({column_name}) != {threshold}:\n  - invalid format: ip address,"Checks if the invalid count for {column_name} is not equal to the given {threshold}, ensuring the format is not a standard IP address: four integers separated by period (.)"
699,invalid_count({column_name}) <> {threshold}:\n  - invalid format: ip address,"Checks if the invalid count for {column_name} is not equal to the given {threshold}, ensuring the format is not a standard IP address: four integers separated by period (.)"
700,invalid_count({column_name}) between {threshold}:\n  - invalid format: ip address,"Checks if the invalid count for {column_name} is between the given {threshold}, ensuring the format is not a standard IP address: four integers separated by period (.)"
701,invalid_count({column_name}) not between {threshold}:\n  - invalid format: ip address,"Checks if the invalid count for {column_name} is not between the given {threshold}, ensuring the format is not a standard IP address: four integers separated by period (.)"
702,invalid_count({column_name}) = {threshold}:\n  - invalid format: ipv4 address,"Checks if the invalid count for {column_name} is not equal to the given {threshold}, ensuring the format is not a standard ipv4 address: four whole numbers separated by period (.)"
703,invalid_count({column_name}) < {threshold}:\n  - invalid format: ipv4 address,"Checks if the invalid count for {column_name} is less than the given {threshold}, ensuring the format is not a standard ipv4 address: four whole numbers separated by period (.)"
704,invalid_count({column_name}) > {threshold}:\n  - invalid format: ipv4 address,"Checks if the invalid count for {column_name} is exceeds the given {threshold}, ensuring the format is not a standard ipv4 address: four whole numbers separated by period (.)"
705,invalid_count({column_name}) <= {threshold}:\n  - invalid format: ipv4 address,"Checks if the invalid count for {column_name} is less or falls within the given {threshold}, ensuring the format is not a standard ipv4 address: four whole numbers separated by period (.)"
706,invalid_count({column_name}) >= {threshold}:\n  - invalid format: ipv4 address,"Checks if the invalid count for {column_name} exceeds or falls within the given {threshold}, ensuring the format is not a standard ipv4 address: four whole numbers separated by period (.)"
707,invalid_count({column_name}) != {threshold}:\n  - invalid format: ipv4 address,"Checks if the invalid count for {column_name} is not equal to the given {threshold}, ensuring the format is not a standard ipv4 address: four whole numbers separated by period (.)"
708,invalid_count({column_name}) <> {threshold}:\n  - invalid format: ipv4 address,"Checks if the invalid count for {column_name} is not equal to the given {threshold}, ensuring the format is not a standard ipv4 address: four whole numbers separated by period (.)"
709,invalid_count({column_name}) between {threshold}:\n  - invalid format: ipv4 address,"Checks if the invalid count for {column_name} is between the given {threshold}, ensuring the format is not a standard ipv4 address: four whole numbers separated by period (.)"
710,invalid_count({column_name}) not between {threshold}:\n  - invalid format: ipv4 address,"Checks if the invalid count for {column_name} is not between the given {threshold}, ensuring the format is not a standard ipv4 address: four whole numbers separated by period (.)"
711,invalid_count({column_name}) = {threshold}:\n  - invalid format: ipv6 address,"Checks if the invalid count for {column_name} is not equal to the given {threshold}, ensuring the format is not a standard ipv6 address: eight values separated by colons (:)"
712,invalid_count({column_name}) < {threshold}:\n  - invalid format: ipv6 address,"Checks if the invalid count for {column_name} is less than the given {threshold}, ensuring the format is not a standard ipv6 address: eight values separated by colons (:)"
713,invalid_count({column_name}) > {threshold}:\n  - invalid format: ipv6 address,"Checks if the invalid count for {column_name} is exceeds the given {threshold}, ensuring the format is not a standard ipv6 address: eight values separated by colons (:)"
714,invalid_count({column_name}) <= {threshold}:\n  - invalid format: ipv6 address,"Checks if the invalid count for {column_name} is less or falls within the given {threshold}, ensuring the format is not a standard ipv6 address: eight values separated by colons (:)"
715,invalid_count({column_name}) >= {threshold}:\n  - invalid format: ipv6 address,"Checks if the invalid count for {column_name} exceeds or falls within the given {threshold}, ensuring the format is not a standard ipv6 address: eight values separated by colons (:)"
716,invalid_count({column_name}) != {threshold}:\n  - invalid format: ipv6 address,"Checks if the invalid count for {column_name} is not equal to the given {threshold}, ensuring the format is not a standard ipv6 address: eight values separated by colons (:)"
717,invalid_count({column_name}) <> {threshold}:\n  - invalid format: ipv6 address,"Checks if the invalid count for {column_name} is not equal to the given {threshold}, ensuring the format is not a standard ipv6 address: eight values separated by colons (:)"
718,invalid_count({column_name}) between {threshold}:\n  - invalid format: ipv6 address,"Checks if the invalid count for {column_name} is between the given {threshold}, ensuring the format is not a standard ipv6 address: eight values separated by colons (:)"
719,invalid_count({column_name}) not between {threshold}:\n  - invalid format: ipv6 address,"Checks if the invalid count for {column_name} is not between the given {threshold}, ensuring the format is not a standard ipv6 address: eight values separated by colons (:)"
720,invalid_count({column_name}) = {threshold}:\n  - invalid format: money,"Checks if the invalid count for {column_name} is not equal to the given {threshold}, ensuring the format is not a money pattern with currency symbol + decimal point or comma + currency abbreviation."
721,invalid_count({column_name}) < {threshold}:\n  - invalid format: money,"Checks if the invalid count for {column_name} is less than the given {threshold}, ensuring the format is not a money pattern with currency symbol + decimal point or comma + currency abbreviation."
722,invalid_count({column_name}) > {threshold}:\n  - invalid format: money,"Checks if the invalid count for {column_name} is exceeds the given {threshold}, ensuring the format is not a money pattern with currency symbol + decimal point or comma + currency abbreviation."
723,invalid_count({column_name}) <= {threshold}:\n  - invalid format: money,"Checks if the invalid count for {column_name} is less or falls within the given {threshold}, ensuring the format is not a money pattern with currency symbol + decimal point or comma + currency abbreviation."
724,invalid_count({column_name}) >= {threshold}:\n  - invalid format: money,"Checks if the invalid count for {column_name} exceeds or falls within the given {threshold}, ensuring the format is not a money pattern with currency symbol + decimal point or comma + currency abbreviation."
725,invalid_count({column_name}) != {threshold}:\n  - invalid format: money,"Checks if the invalid count for {column_name} is not equal to the given {threshold}, ensuring the format is not a money pattern with currency symbol + decimal point or comma + currency abbreviation."
726,invalid_count({column_name}) <> {threshold}:\n  - invalid format: money,"Checks if the invalid count for {column_name} is not equal to the given {threshold}, ensuring the format is not a money pattern with currency symbol + decimal point or comma + currency abbreviation."
727,invalid_count({column_name}) between {threshold}:\n  - invalid format: money,"Checks if the invalid count for {column_name} is between the given {threshold}, ensuring the format is not a money pattern with currency symbol + decimal point or comma + currency abbreviation."
728,invalid_count({column_name}) not between {threshold}:\n  - invalid format: money,"Checks if the invalid count for {column_name} is not between the given {threshold}, ensuring the format is not a money pattern with currency symbol + decimal point or comma + currency abbreviation."
729,invalid_count({column_name}) = {threshold}:\n  - invalid format: money comma,"Checks if the invalid count for {column_name} is not equal to the given {threshold}, ensuring the format is not a money pattern with currency symbol + decimal comma + currency abbreviation."
730,invalid_count({column_name}) < {threshold}:\n  - invalid format: money comma,"Checks if the invalid count for {column_name} is less than the given {threshold}, ensuring the format is not a money pattern with currency symbol + decimal comma + currency abbreviation."
731,invalid_count({column_name}) > {threshold}:\n  - invalid format: money comma,"Checks if the invalid count for {column_name} is exceeds the given {threshold}, ensuring the format is not a money pattern with currency symbol + decimal comma + currency abbreviation."
732,invalid_count({column_name}) <= {threshold}:\n  - invalid format: money comma,"Checks if the invalid count for {column_name} is less or falls within the given {threshold}, ensuring the format is not a money pattern with currency symbol + decimal comma + currency abbreviation."
733,invalid_count({column_name}) >= {threshold}:\n  - invalid format: money comma,"Checks if the invalid count for {column_name} exceeds or falls within the given {threshold}, ensuring the format is not a money pattern with currency symbol + decimal comma + currency abbreviation."
734,invalid_count({column_name}) != {threshold}:\n  - invalid format: money comma,"Checks if the invalid count for {column_name} is not equal to the given {threshold}, ensuring the format is not a money pattern with currency symbol + decimal comma + currency abbreviation."
735,invalid_count({column_name}) <> {threshold}:\n  - invalid format: money comma,"Checks if the invalid count for {column_name} is not equal to the given {threshold}, ensuring the format is not a money pattern with currency symbol + decimal comma + currency abbreviation."
736,invalid_count({column_name}) between {threshold}:\n  - invalid format: money comma,"Checks if the invalid count for {column_name} is between the given {threshold}, ensuring the format is not a money pattern with currency symbol + decimal comma + currency abbreviation."
737,invalid_count({column_name}) not between {threshold}:\n  - invalid format: money comma,"Checks if the invalid count for {column_name} is not between the given {threshold}, ensuring the format is not a money pattern with currency symbol + decimal comma + currency abbreviation."
738,invalid_count({column_name}) = {threshold}:\n  - invalid format: money point,"Checks if the invalid count for {column_name} is not equal to the given {threshold}, ensuring the format is not a money pattern with currency symbol + decimal point + currency abbreviation."
739,invalid_count({column_name}) < {threshold}:\n  - invalid format: money point,"Checks if the invalid count for {column_name} is less than the given {threshold}, ensuring the format is not a money pattern with currency symbol + decimal point + currency abbreviation."
740,invalid_count({column_name}) > {threshold}:\n  - invalid format: money point,"Checks if the invalid count for {column_name} is exceeds the given {threshold}, ensuring the format is not a money pattern with currency symbol + decimal point + currency abbreviation."
741,invalid_count({column_name}) <= {threshold}:\n  - invalid format: money point,"Checks if the invalid count for {column_name} is less or falls within the given {threshold}, ensuring the format is not a money pattern with currency symbol + decimal point + currency abbreviation."
742,invalid_count({column_name}) >= {threshold}:\n  - invalid format: money point,"Checks if the invalid count for {column_name} exceeds or falls within the given {threshold}, ensuring the format is not a money pattern with currency symbol + decimal point + currency abbreviation."
743,invalid_count({column_name}) != {threshold}:\n  - invalid format: money point,"Checks if the invalid count for {column_name} is not equal to the given {threshold}, ensuring the format is not a money pattern with currency symbol + decimal point + currency abbreviation."
744,invalid_count({column_name}) <> {threshold}:\n  - invalid format: money point,"Checks if the invalid count for {column_name} is not equal to the given {threshold}, ensuring the format is not a money pattern with currency symbol + decimal point + currency abbreviation."
745,invalid_count({column_name}) between {threshold}:\n  - invalid format: money point,"Checks if the invalid count for {column_name} is between the given {threshold}, ensuring the format is not a money pattern with currency symbol + decimal point + currency abbreviation."
746,invalid_count({column_name}) not between {threshold}:\n  - invalid format: money point,"Checks if the invalid count for {column_name} is not between the given {threshold}, ensuring the format is not a money pattern with currency symbol + decimal point + currency abbreviation."
747,invalid_count({column_name}) = {threshold}:\n  - invalid format: negative decimal,"Checks if the invalid count for {column_name} is not equal to the given {threshold}, ensuring the format is not a negative number that uses a comma (,) or period (.) as a decimal indicator."
748,invalid_count({column_name}) < {threshold}:\n  - invalid format: negative decimal,"Checks if the invalid count for {column_name} is less than the given {threshold}, ensuring the format is not a negative number that uses a comma (,) or period (.) as a decimal indicator."
749,invalid_count({column_name}) > {threshold}:\n  - invalid format: negative decimal,"Checks if the invalid count for {column_name} is exceeds the given {threshold}, ensuring the format is not a negative number that uses a comma (,) or period (.) as a decimal indicator."
750,invalid_count({column_name}) <= {threshold}:\n  - invalid format: negative decimal,"Checks if the invalid count for {column_name} is less or falls within the given {threshold}, ensuring the format is not a negative number that uses a comma (,) or period (.) as a decimal indicator."
751,invalid_count({column_name}) >= {threshold}:\n  - invalid format: negative decimal,"Checks if the invalid count for {column_name} exceeds or falls within the given {threshold}, ensuring the format is not a negative number that uses a comma (,) or period (.) as a decimal indicator."
752,invalid_count({column_name}) != {threshold}:\n  - invalid format: negative decimal,"Checks if the invalid count for {column_name} is not equal to the given {threshold}, ensuring the format is not a negative number that uses a comma (,) or period (.) as a decimal indicator."
753,invalid_count({column_name}) <> {threshold}:\n  - invalid format: negative decimal,"Checks if the invalid count for {column_name} is not equal to the given {threshold}, ensuring the format is not a negative number that uses a comma (,) or period (.) as a decimal indicator."
754,invalid_count({column_name}) between {threshold}:\n  - invalid format: negative decimal,"Checks if the invalid count for {column_name} is between the given {threshold}, ensuring the format is not a negative number that uses a comma (,) or period (.) as a decimal indicator."
755,invalid_count({column_name}) not between {threshold}:\n  - invalid format: negative decimal,"Checks if the invalid count for {column_name} is not between the given {threshold}, ensuring the format is not a negative number that uses a comma (,) or period (.) as a decimal indicator."
756,invalid_count({column_name}) = {threshold}:\n  - invalid format: negative decimal comma,"Checks if the invalid count for {column_name} is not equal to the given {threshold}, ensuring the format is not a negative number that uses comma (,) as decimal indicator."
757,invalid_count({column_name}) < {threshold}:\n  - invalid format: negative decimal comma,"Checks if the invalid count for {column_name} is less than the given {threshold}, ensuring the format is not a negative number that uses comma (,) as decimal indicator."
758,invalid_count({column_name}) > {threshold}:\n  - invalid format: negative decimal comma,"Checks if the invalid count for {column_name} is exceeds the given {threshold}, ensuring the format is not a negative number that uses comma (,) as decimal indicator."
759,invalid_count({column_name}) <= {threshold}:\n  - invalid format: negative decimal comma,"Checks if the invalid count for {column_name} is less or falls within the given {threshold}, ensuring the format is not a negative number that uses comma (,) as decimal indicator."
760,invalid_count({column_name}) >= {threshold}:\n  - invalid format: negative decimal comma,"Checks if the invalid count for {column_name} exceeds or falls within the given {threshold}, ensuring the format is not a negative number that uses comma (,) as decimal indicator."
761,invalid_count({column_name}) != {threshold}:\n  - invalid format: negative decimal comma,"Checks if the invalid count for {column_name} is not equal to the given {threshold}, ensuring the format is not a negative number that uses comma (,) as decimal indicator."
762,invalid_count({column_name}) <> {threshold}:\n  - invalid format: negative decimal comma,"Checks if the invalid count for {column_name} is not equal to the given {threshold}, ensuring the format is not a negative number that uses comma (,) as decimal indicator."
763,invalid_count({column_name}) between {threshold}:\n  - invalid format: negative decimal comma,"Checks if the invalid count for {column_name} is between the given {threshold}, ensuring the format is not a negative number that uses comma (,) as decimal indicator."
764,invalid_count({column_name}) not between {threshold}:\n  - invalid format: negative decimal comma,"Checks if the invalid count for {column_name} is not between the given {threshold}, ensuring the format is not a negative number that uses comma (,) as decimal indicator."
765,invalid_count({column_name}) = {threshold}:\n  - invalid format: negative decimal point,"Checks if the invalid count for {column_name} is not equal to the given {threshold}, ensuring the format is not a negative number that uses period (.) as decimal indicator."
766,invalid_count({column_name}) < {threshold}:\n  - invalid format: negative decimal point,"Checks if the invalid count for {column_name} is less than the given {threshold}, ensuring the format is not a negative number that uses period (.) as decimal indicator."
767,invalid_count({column_name}) > {threshold}:\n  - invalid format: negative decimal point,"Checks if the invalid count for {column_name} is exceeds the given {threshold}, ensuring the format is not a negative number that uses period (.) as decimal indicator."
768,invalid_count({column_name}) <= {threshold}:\n  - invalid format: negative decimal point,"Checks if the invalid count for {column_name} is less or falls within the given {threshold}, ensuring the format is not a negative number that uses period (.) as decimal indicator."
769,invalid_count({column_name}) >= {threshold}:\n  - invalid format: negative decimal point,"Checks if the invalid count for {column_name} exceeds or falls within the given {threshold}, ensuring the format is not a negative number that uses period (.) as decimal indicator."
770,invalid_count({column_name}) != {threshold}:\n  - invalid format: negative decimal point,"Checks if the invalid count for {column_name} is not equal to the given {threshold}, ensuring the format is not a negative number that uses period (.) as decimal indicator."
771,invalid_count({column_name}) <> {threshold}:\n  - invalid format: negative decimal point,"Checks if the invalid count for {column_name} is not equal to the given {threshold}, ensuring the format is not a negative number that uses period (.) as decimal indicator."
772,invalid_count({column_name}) between {threshold}:\n  - invalid format: negative decimal point,"Checks if the invalid count for {column_name} is between the given {threshold}, ensuring the format is not a negative number that uses period (.) as decimal indicator."
773,invalid_count({column_name}) not between {threshold}:\n  - invalid format: negative decimal point,"Checks if the invalid count for {column_name} is not between the given {threshold}, ensuring the format is not a negative number that uses period (.) as decimal indicator."
774,invalid_count({column_name}) = {threshold}:\n  - invalid format: negative integer,"Checks if the invalid count for {column_name} is not equal to the given {threshold}, ensuring the format is not a negative integer"
775,invalid_count({column_name}) < {threshold}:\n  - invalid format: negative integer,"Checks if the invalid count for {column_name} is less than the given {threshold}, ensuring the format is not a negative integer"
776,invalid_count({column_name}) > {threshold}:\n  - invalid format: negative integer,"Checks if the invalid count for {column_name} is exceeds the given {threshold}, ensuring the format is not a negative integer"
777,invalid_count({column_name}) <= {threshold}:\n  - invalid format: negative integer,"Checks if the invalid count for {column_name} is less or falls within the given {threshold}, ensuring the format is not a negative integer"
778,invalid_count({column_name}) >= {threshold}:\n  - invalid format: negative integer,"Checks if the invalid count for {column_name} exceeds or falls within the given {threshold}, ensuring the format is not a negative integer"
779,invalid_count({column_name}) != {threshold}:\n  - invalid format: negative integer,"Checks if the invalid count for {column_name} is not equal to the given {threshold}, ensuring the format is not a negative integer"
780,invalid_count({column_name}) <> {threshold}:\n  - invalid format: negative integer,"Checks if the invalid count for {column_name} is not equal to the given {threshold}, ensuring the format is not a negative integer"
781,invalid_count({column_name}) between {threshold}:\n  - invalid format: negative integer,"Checks if the invalid count for {column_name} is between the given {threshold}, ensuring the format is not a negative integer"
782,invalid_count({column_name}) not between {threshold}:\n  - invalid format: negative integer,"Checks if the invalid count for {column_name} is not between the given {threshold}, ensuring the format is not a negative integer"
783,invalid_count({column_name}) = {threshold}:\n  - invalid format: negative percentage,"Checks if the invalid count for {column_name} is not equal to the given {threshold}, ensuring the format is not a negative percentage"
784,invalid_count({column_name}) < {threshold}:\n  - invalid format: negative percentage,"Checks if the invalid count for {column_name} is less than the given {threshold}, ensuring the format is not a negative percentage"
785,invalid_count({column_name}) > {threshold}:\n  - invalid format: negative percentage,"Checks if the invalid count for {column_name} is exceeds the given {threshold}, ensuring the format is not a negative percentage"
786,invalid_count({column_name}) <= {threshold}:\n  - invalid format: negative percentage,"Checks if the invalid count for {column_name} is less or falls within the given {threshold}, ensuring the format is not a negative percentage"
787,invalid_count({column_name}) >= {threshold}:\n  - invalid format: negative percentage,"Checks if the invalid count for {column_name} exceeds or falls within the given {threshold}, ensuring the format is not a negative percentage"
788,invalid_count({column_name}) != {threshold}:\n  - invalid format: negative percentage,"Checks if the invalid count for {column_name} is not equal to the given {threshold}, ensuring the format is not a negative percentage"
789,invalid_count({column_name}) <> {threshold}:\n  - invalid format: negative percentage,"Checks if the invalid count for {column_name} is not equal to the given {threshold}, ensuring the format is not a negative percentage"
790,invalid_count({column_name}) between {threshold}:\n  - invalid format: negative percentage,"Checks if the invalid count for {column_name} is between the given {threshold}, ensuring the format is not a negative percentage"
791,invalid_count({column_name}) not between {threshold}:\n  - invalid format: negative percentage,"Checks if the invalid count for {column_name} is not between the given {threshold}, ensuring the format is not a negative percentage"
792,invalid_count({column_name}) = {threshold}:\n  - invalid format: negative percentage comma,"Checks if the invalid count for {column_name} is not equal to the given {threshold}, ensuring the format is not a negative number is a percentage with a comma (,) decimal indicator."
793,invalid_count({column_name}) < {threshold}:\n  - invalid format: negative percentage comma,"Checks if the invalid count for {column_name} is less than the given {threshold}, ensuring the format is not a negative number is a percentage with a comma (,) decimal indicator."
794,invalid_count({column_name}) > {threshold}:\n  - invalid format: negative percentage comma,"Checks if the invalid count for {column_name} is exceeds the given {threshold}, ensuring the format is not a negative number is a percentage with a comma (,) decimal indicator."
795,invalid_count({column_name}) <= {threshold}:\n  - invalid format: negative percentage comma,"Checks if the invalid count for {column_name} is less or falls within the given {threshold}, ensuring the format is not a negative number is a percentage with a comma (,) decimal indicator."
796,invalid_count({column_name}) >= {threshold}:\n  - invalid format: negative percentage comma,"Checks if the invalid count for {column_name} exceeds or falls within the given {threshold}, ensuring the format is not a negative number is a percentage with a comma (,) decimal indicator."
797,invalid_count({column_name}) != {threshold}:\n  - invalid format: negative percentage comma,"Checks if the invalid count for {column_name} is not equal to the given {threshold}, ensuring the format is not a negative number is a percentage with a comma (,) decimal indicator."
798,invalid_count({column_name}) <> {threshold}:\n  - invalid format: negative percentage comma,"Checks if the invalid count for {column_name} is not equal to the given {threshold}, ensuring the format is not a negative number is a percentage with a comma (,) decimal indicator."
799,invalid_count({column_name}) between {threshold}:\n  - invalid format: negative percentage comma,"Checks if the invalid count for {column_name} is between the given {threshold}, ensuring the format is not a negative number is a percentage with a comma (,) decimal indicator."
800,invalid_count({column_name}) not between {threshold}:\n  - invalid format: negative percentage comma,"Checks if the invalid count for {column_name} is not between the given {threshold}, ensuring the format is not a negative number is a percentage with a comma (,) decimal indicator."
801,invalid_count({column_name}) = {threshold}:\n  - invalid format: negative percentage point,"Checks if the invalid count for {column_name} is not equal to the given {threshold}, ensuring the format is not a negative number is a percentage with a period (.) decimal indicator."
802,invalid_count({column_name}) < {threshold}:\n  - invalid format: negative percentage point,"Checks if the invalid count for {column_name} is less than the given {threshold}, ensuring the format is not a negative number is a percentage with a period (.) decimal indicator."
803,invalid_count({column_name}) > {threshold}:\n  - invalid format: negative percentage point,"Checks if the invalid count for {column_name} is exceeds the given {threshold}, ensuring the format is not a negative number is a percentage with a period (.) decimal indicator."
804,invalid_count({column_name}) <= {threshold}:\n  - invalid format: negative percentage point,"Checks if the invalid count for {column_name} is less or falls within the given {threshold}, ensuring the format is not a negative number is a percentage with a period (.) decimal indicator."
805,invalid_count({column_name}) >= {threshold}:\n  - invalid format: negative percentage point,"Checks if the invalid count for {column_name} exceeds or falls within the given {threshold}, ensuring the format is not a negative number is a percentage with a period (.) decimal indicator."
806,invalid_count({column_name}) != {threshold}:\n  - invalid format: negative percentage point,"Checks if the invalid count for {column_name} is not equal to the given {threshold}, ensuring the format is not a negative number is a percentage with a period (.) decimal indicator."
807,invalid_count({column_name}) <> {threshold}:\n  - invalid format: negative percentage point,"Checks if the invalid count for {column_name} is not equal to the given {threshold}, ensuring the format is not a negative number is a percentage with a period (.) decimal indicator."
808,invalid_count({column_name}) between {threshold}:\n  - invalid format: negative percentage point,"Checks if the invalid count for {column_name} is between the given {threshold}, ensuring the format is not a negative number is a percentage with a period (.) decimal indicator."
809,invalid_count({column_name}) not between {threshold}:\n  - invalid format: negative percentage point,"Checks if the invalid count for {column_name} is not between the given {threshold}, ensuring the format is not a negative number is a percentage with a period (.) decimal indicator."
810,invalid_count({column_name}) = {threshold}:\n  - invalid format: percentage comma,"Checks if the invalid count for {column_name} is not equal to the given {threshold}, ensuring the format is not a percentage."
811,invalid_count({column_name}) < {threshold}:\n  - invalid format: percentage comma,"Checks if the invalid count for {column_name} is less than the given {threshold}, ensuring the format is not a percentage."
812,invalid_count({column_name}) > {threshold}:\n  - invalid format: percentage comma,"Checks if the invalid count for {column_name} is exceeds the given {threshold}, ensuring the format is not a percentage."
813,invalid_count({column_name}) <= {threshold}:\n  - invalid format: percentage comma,"Checks if the invalid count for {column_name} is less or falls within the given {threshold}, ensuring the format is not a percentage."
814,invalid_count({column_name}) >= {threshold}:\n  - invalid format: percentage comma,"Checks if the invalid count for {column_name} exceeds or falls within the given {threshold}, ensuring the format is not a percentage."
815,invalid_count({column_name}) != {threshold}:\n  - invalid format: percentage comma,"Checks if the invalid count for {column_name} is not equal to the given {threshold}, ensuring the format is not a percentage."
816,invalid_count({column_name}) <> {threshold}:\n  - invalid format: percentage comma,"Checks if the invalid count for {column_name} is not equal to the given {threshold}, ensuring the format is not a percentage."
817,invalid_count({column_name}) between {threshold}:\n  - invalid format: percentage comma,"Checks if the invalid count for {column_name} is between the given {threshold}, ensuring the format is not a percentage."
818,invalid_count({column_name}) not between {threshold}:\n  - invalid format: percentage comma,"Checks if the invalid count for {column_name} is not between the given {threshold}, ensuring the format is not a percentage."
819,invalid_count({column_name}) = {threshold}:\n  - invalid format: percentage point,"Checks if the invalid count for {column_name} is not equal to the given {threshold}, ensuring the format is not a percentage."
820,invalid_count({column_name}) < {threshold}:\n  - invalid format: percentage point,"Checks if the invalid count for {column_name} is less than the given {threshold}, ensuring the format is not a percentage."
821,invalid_count({column_name}) > {threshold}:\n  - invalid format: percentage point,"Checks if the invalid count for {column_name} is exceeds the given {threshold}, ensuring the format is not a percentage."
822,invalid_count({column_name}) <= {threshold}:\n  - invalid format: percentage point,"Checks if the invalid count for {column_name} is less or falls within the given {threshold}, ensuring the format is not a percentage."
823,invalid_count({column_name}) >= {threshold}:\n  - invalid format: percentage point,"Checks if the invalid count for {column_name} exceeds or falls within the given {threshold}, ensuring the format is not a percentage."
824,invalid_count({column_name}) != {threshold}:\n  - invalid format: percentage point,"Checks if the invalid count for {column_name} is not equal to the given {threshold}, ensuring the format is not a percentage."
825,invalid_count({column_name}) <> {threshold}:\n  - invalid format: percentage point,"Checks if the invalid count for {column_name} is not equal to the given {threshold}, ensuring the format is not a percentage."
826,invalid_count({column_name}) between {threshold}:\n  - invalid format: percentage point,"Checks if the invalid count for {column_name} is between the given {threshold}, ensuring the format is not a percentage."
827,invalid_count({column_name}) not between {threshold}:\n  - invalid format: percentage point,"Checks if the invalid count for {column_name} is not between the given {threshold}, ensuring the format is not a percentage."
828,invalid_count({column_name}) = {threshold}:\n  - invalid format: percentage,"Checks if the invalid count for {column_name} is not equal to the given {threshold}, ensuring the format is not a percentage."
829,invalid_count({column_name}) < {threshold}:\n  - invalid format: percentage,"Checks if the invalid count for {column_name} is less than the given {threshold}, ensuring the format is not a percentage."
830,invalid_count({column_name}) > {threshold}:\n  - invalid format: percentage,"Checks if the invalid count for {column_name} is exceeds the given {threshold}, ensuring the format is not a percentage."
831,invalid_count({column_name}) <= {threshold}:\n  - invalid format: percentage,"Checks if the invalid count for {column_name} is less or falls within the given {threshold}, ensuring the format is not a percentage."
832,invalid_count({column_name}) >= {threshold}:\n  - invalid format: percentage,"Checks if the invalid count for {column_name} exceeds or falls within the given {threshold}, ensuring the format is not a percentage."
833,invalid_count({column_name}) != {threshold}:\n  - invalid format: percentage,"Checks if the invalid count for {column_name} is not equal to the given {threshold}, ensuring the format is not a percentage."
834,invalid_count({column_name}) <> {threshold}:\n  - invalid format: percentage,"Checks if the invalid count for {column_name} is not equal to the given {threshold}, ensuring the format is not a percentage."
835,invalid_count({column_name}) between {threshold}:\n  - invalid format: percentage,"Checks if the invalid count for {column_name} is between the given {threshold}, ensuring the format is not a percentage."
836,invalid_count({column_name}) not between {threshold}:\n  - invalid format: percentage,"Checks if the invalid count for {column_name} is not between the given {threshold}, ensuring the format is not a percentage."
837,invalid_count({column_name}) = {threshold}:\n  - invalid format: phone number,"Checks if the invalid count for {column_name} is not equal to the given {threshold}, ensuring the format is not a standard phone number"
838,invalid_count({column_name}) < {threshold}:\n  - invalid format: phone number,"Checks if the invalid count for {column_name} is less than the given {threshold}, ensuring the format is not a standard phone number"
839,invalid_count({column_name}) > {threshold}:\n  - invalid format: phone number,"Checks if the invalid count for {column_name} is exceeds the given {threshold}, ensuring the format is not a standard phone number"
840,invalid_count({column_name}) <= {threshold}:\n  - invalid format: phone number,"Checks if the invalid count for {column_name} is less or falls within the given {threshold}, ensuring the format is not a standard phone number"
841,invalid_count({column_name}) >= {threshold}:\n  - invalid format: phone number,"Checks if the invalid count for {column_name} exceeds or falls within the given {threshold}, ensuring the format is not a standard phone number"
842,invalid_count({column_name}) != {threshold}:\n  - invalid format: phone number,"Checks if the invalid count for {column_name} is not equal to the given {threshold}, ensuring the format is not a standard phone number"
843,invalid_count({column_name}) <> {threshold}:\n  - invalid format: phone number,"Checks if the invalid count for {column_name} is not equal to the given {threshold}, ensuring the format is not a standard phone number"
844,invalid_count({column_name}) between {threshold}:\n  - invalid format: phone number,"Checks if the invalid count for {column_name} is between the given {threshold}, ensuring the format is not a standard phone number"
845,invalid_count({column_name}) not between {threshold}:\n  - invalid format: phone number,"Checks if the invalid count for {column_name} is not between the given {threshold}, ensuring the format is not a standard phone number"
846,invalid_count({column_name}) = {threshold}:\n  - invalid format: positive decimal,"Checks if the invalid count for {column_name} is not equal to the given {threshold}, ensuring the format is not a postive number with a comma (,) or period (.) as a decimal indicator."
847,invalid_count({column_name}) < {threshold}:\n  - invalid format: positive decimal,"Checks if the invalid count for {column_name} is less than the given {threshold}, ensuring the format is not a postive number with a comma (,) or period (.) as a decimal indicator."
848,invalid_count({column_name}) > {threshold}:\n  - invalid format: positive decimal,"Checks if the invalid count for {column_name} is exceeds the given {threshold}, ensuring the format is not a postive number with a comma (,) or period (.) as a decimal indicator."
849,invalid_count({column_name}) <= {threshold}:\n  - invalid format: positive decimal,"Checks if the invalid count for {column_name} is less or falls within the given {threshold}, ensuring the format is not a postive number with a comma (,) or period (.) as a decimal indicator."
850,invalid_count({column_name}) >= {threshold}:\n  - invalid format: positive decimal,"Checks if the invalid count for {column_name} exceeds or falls within the given {threshold}, ensuring the format is not a postive number with a comma (,) or period (.) as a decimal indicator."
851,invalid_count({column_name}) != {threshold}:\n  - invalid format: positive decimal,"Checks if the invalid count for {column_name} is not equal to the given {threshold}, ensuring the format is not a postive number with a comma (,) or period (.) as a decimal indicator."
852,invalid_count({column_name}) <> {threshold}:\n  - invalid format: positive decimal,"Checks if the invalid count for {column_name} is not equal to the given {threshold}, ensuring the format is not a postive number with a comma (,) or period (.) as a decimal indicator."
853,invalid_count({column_name}) between {threshold}:\n  - invalid format: positive decimal,"Checks if the invalid count for {column_name} is between the given {threshold}, ensuring the format is not a postive number with a comma (,) or period (.) as a decimal indicator."
854,invalid_count({column_name}) not between {threshold}:\n  - invalid format: positive decimal,"Checks if the invalid count for {column_name} is not between the given {threshold}, ensuring the format is not a postive number with a comma (,) or period (.) as a decimal indicator."
855,invalid_count({column_name}) = {threshold}:\n  - invalid format: positive decimal comma,"Checks if the invalid count for {column_name} is not equal to the given {threshold}, ensuring the format is not a positive number with a comma (,) as decimal indicator."
856,invalid_count({column_name}) < {threshold}:\n  - invalid format: positive decimal comma,"Checks if the invalid count for {column_name} is less than the given {threshold}, ensuring the format is not a positive number with a comma (,) as decimal indicator."
857,invalid_count({column_name}) > {threshold}:\n  - invalid format: positive decimal comma,"Checks if the invalid count for {column_name} is exceeds the given {threshold}, ensuring the format is not a positive number with a comma (,) as decimal indicator."
858,invalid_count({column_name}) <= {threshold}:\n  - invalid format: positive decimal comma,"Checks if the invalid count for {column_name} is less or falls within the given {threshold}, ensuring the format is not a positive number with a comma (,) as decimal indicator."
859,invalid_count({column_name}) >= {threshold}:\n  - invalid format: positive decimal comma,"Checks if the invalid count for {column_name} exceeds or falls within the given {threshold}, ensuring the format is not a positive number with a comma (,) as decimal indicator."
860,invalid_count({column_name}) != {threshold}:\n  - invalid format: positive decimal comma,"Checks if the invalid count for {column_name} is not equal to the given {threshold}, ensuring the format is not a positive number with a comma (,) as decimal indicator."
861,invalid_count({column_name}) <> {threshold}:\n  - invalid format: positive decimal comma,"Checks if the invalid count for {column_name} is not equal to the given {threshold}, ensuring the format is not a positive number with a comma (,) as decimal indicator."
862,invalid_count({column_name}) between {threshold}:\n  - invalid format: positive decimal comma,"Checks if the invalid count for {column_name} is between the given {threshold}, ensuring the format is not a positive number with a comma (,) as decimal indicator."
863,invalid_count({column_name}) not between {threshold}:\n  - invalid format: positive decimal comma,"Checks if the invalid count for {column_name} is not between the given {threshold}, ensuring the format is not a positive number with a comma (,) as decimal indicator."
864,invalid_count({column_name}) = {threshold}:\n  - invalid format: positive decimal point,"Checks if the invalid count for {column_name} is not equal to the given {threshold}, ensuring the format is not a positive number with a period (.) as decimal indicator."
865,invalid_count({column_name}) < {threshold}:\n  - invalid format: positive decimal point,"Checks if the invalid count for {column_name} is less than the given {threshold}, ensuring the format is not a positive number with a period (.) as decimal indicator."
866,invalid_count({column_name}) > {threshold}:\n  - invalid format: positive decimal point,"Checks if the invalid count for {column_name} is exceeds the given {threshold}, ensuring the format is not a positive number with a period (.) as decimal indicator."
867,invalid_count({column_name}) <= {threshold}:\n  - invalid format: positive decimal point,"Checks if the invalid count for {column_name} is less or falls within the given {threshold}, ensuring the format is not a positive number with a period (.) as decimal indicator."
868,invalid_count({column_name}) >= {threshold}:\n  - invalid format: positive decimal point,"Checks if the invalid count for {column_name} exceeds or falls within the given {threshold}, ensuring the format is not a positive number with a period (.) as decimal indicator."
869,invalid_count({column_name}) != {threshold}:\n  - invalid format: positive decimal point,"Checks if the invalid count for {column_name} is not equal to the given {threshold}, ensuring the format is not a positive number with a period (.) as decimal indicator."
870,invalid_count({column_name}) <> {threshold}:\n  - invalid format: positive decimal point,"Checks if the invalid count for {column_name} is not equal to the given {threshold}, ensuring the format is not a positive number with a period (.) as decimal indicator."
871,invalid_count({column_name}) between {threshold}:\n  - invalid format: positive decimal point,"Checks if the invalid count for {column_name} is between the given {threshold}, ensuring the format is not a positive number with a period (.) as decimal indicator."
872,invalid_count({column_name}) not between {threshold}:\n  - invalid format: positive decimal point,"Checks if the invalid count for {column_name} is not between the given {threshold}, ensuring the format is not a positive number with a period (.) as decimal indicator."
873,invalid_count({column_name}) = {threshold}:\n  - invalid format: positive integer,"Checks if the invalid count for {column_name} is not equal to the given {threshold}, ensuring the format is not a positive integer"
874,invalid_count({column_name}) < {threshold}:\n  - invalid format: positive integer,"Checks if the invalid count for {column_name} is less than the given {threshold}, ensuring the format is not a positive integer"
875,invalid_count({column_name}) > {threshold}:\n  - invalid format: positive integer,"Checks if the invalid count for {column_name} is exceeds the given {threshold}, ensuring the format is not a positive integer"
876,invalid_count({column_name}) <= {threshold}:\n  - invalid format: positive integer,"Checks if the invalid count for {column_name} is less or falls within the given {threshold}, ensuring the format is not a positive integer"
877,invalid_count({column_name}) >= {threshold}:\n  - invalid format: positive integer,"Checks if the invalid count for {column_name} exceeds or falls within the given {threshold}, ensuring the format is not a positive integer"
878,invalid_count({column_name}) != {threshold}:\n  - invalid format: positive integer,"Checks if the invalid count for {column_name} is not equal to the given {threshold}, ensuring the format is not a positive integer"
879,invalid_count({column_name}) <> {threshold}:\n  - invalid format: positive integer,"Checks if the invalid count for {column_name} is not equal to the given {threshold}, ensuring the format is not a positive integer"
880,invalid_count({column_name}) between {threshold}:\n  - invalid format: positive integer,"Checks if the invalid count for {column_name} is between the given {threshold}, ensuring the format is not a positive integer"
881,invalid_count({column_name}) not between {threshold}:\n  - invalid format: positive integer,"Checks if the invalid count for {column_name} is not between the given {threshold}, ensuring the format is not a positive integer"
882,invalid_count({column_name}) = {threshold}:\n  - invalid format: positive percentage,"Checks if the invalid count for {column_name} is not equal to the given {threshold}, ensuring the format is not a positive percentage"
883,invalid_count({column_name}) < {threshold}:\n  - invalid format: positive percentage,"Checks if the invalid count for {column_name} is less than the given {threshold}, ensuring the format is not a positive percentage"
884,invalid_count({column_name}) > {threshold}:\n  - invalid format: positive percentage,"Checks if the invalid count for {column_name} is exceeds the given {threshold}, ensuring the format is not a positive percentage"
885,invalid_count({column_name}) <= {threshold}:\n  - invalid format: positive percentage,"Checks if the invalid count for {column_name} is less or falls within the given {threshold}, ensuring the format is not a positive percentage"
886,invalid_count({column_name}) >= {threshold}:\n  - invalid format: positive percentage,"Checks if the invalid count for {column_name} exceeds or falls within the given {threshold}, ensuring the format is not a positive percentage"
887,invalid_count({column_name}) != {threshold}:\n  - invalid format: positive percentage,"Checks if the invalid count for {column_name} is not equal to the given {threshold}, ensuring the format is not a positive percentage"
888,invalid_count({column_name}) <> {threshold}:\n  - invalid format: positive percentage,"Checks if the invalid count for {column_name} is not equal to the given {threshold}, ensuring the format is not a positive percentage"
889,invalid_count({column_name}) between {threshold}:\n  - invalid format: positive percentage,"Checks if the invalid count for {column_name} is between the given {threshold}, ensuring the format is not a positive percentage"
890,invalid_count({column_name}) not between {threshold}:\n  - invalid format: positive percentage,"Checks if the invalid count for {column_name} is not between the given {threshold}, ensuring the format is not a positive percentage"
891,invalid_count({column_name}) = {threshold}:\n  - invalid format: positive percentage comma,"Checks if the invalid count for {column_name} is not equal to the given {threshold}, ensuring the format is not a positive percentage with a comma (,) decimal indicator."
892,invalid_count({column_name}) < {threshold}:\n  - invalid format: positive percentage comma,"Checks if the invalid count for {column_name} is less than the given {threshold}, ensuring the format is not a positive percentage with a comma (,) decimal indicator."
893,invalid_count({column_name}) > {threshold}:\n  - invalid format: positive percentage comma,"Checks if the invalid count for {column_name} is exceeds the given {threshold}, ensuring the format is not a positive percentage with a comma (,) decimal indicator."
894,invalid_count({column_name}) <= {threshold}:\n  - invalid format: positive percentage comma,"Checks if the invalid count for {column_name} is less or falls within the given {threshold}, ensuring the format is not a positive percentage with a comma (,) decimal indicator."
895,invalid_count({column_name}) >= {threshold}:\n  - invalid format: positive percentage comma,"Checks if the invalid count for {column_name} exceeds or falls within the given {threshold}, ensuring the format is not a positive percentage with a comma (,) decimal indicator."
896,invalid_count({column_name}) != {threshold}:\n  - invalid format: positive percentage comma,"Checks if the invalid count for {column_name} is not equal to the given {threshold}, ensuring the format is not a positive percentage with a comma (,) decimal indicator."
897,invalid_count({column_name}) <> {threshold}:\n  - invalid format: positive percentage comma,"Checks if the invalid count for {column_name} is not equal to the given {threshold}, ensuring the format is not a positive percentage with a comma (,) decimal indicator."
898,invalid_count({column_name}) between {threshold}:\n  - invalid format: positive percentage comma,"Checks if the invalid count for {column_name} is between the given {threshold}, ensuring the format is not a positive percentage with a comma (,) decimal indicator."
899,invalid_count({column_name}) not between {threshold}:\n  - invalid format: positive percentage comma,"Checks if the invalid count for {column_name} is not between the given {threshold}, ensuring the format is not a positive percentage with a comma (,) decimal indicator."
900,invalid_count({column_name}) = {threshold}:\n  - invalid format: positive percentage point,"Checks if the invalid count for {column_name} is not equal to the given {threshold}, ensuring the format is not a positive percentage with a period (.) decimal indicator."
901,invalid_count({column_name}) < {threshold}:\n  - invalid format: positive percentage point,"Checks if the invalid count for {column_name} is less than the given {threshold}, ensuring the format is not a positive percentage with a period (.) decimal indicator."
902,invalid_count({column_name}) > {threshold}:\n  - invalid format: positive percentage point,"Checks if the invalid count for {column_name} is exceeds the given {threshold}, ensuring the format is not a positive percentage with a period (.) decimal indicator."
903,invalid_count({column_name}) <= {threshold}:\n  - invalid format: positive percentage point,"Checks if the invalid count for {column_name} is less or falls within the given {threshold}, ensuring the format is not a positive percentage with a period (.) decimal indicator."
904,invalid_count({column_name}) >= {threshold}:\n  - invalid format: positive percentage point,"Checks if the invalid count for {column_name} exceeds or falls within the given {threshold}, ensuring the format is not a positive percentage with a period (.) decimal indicator."
905,invalid_count({column_name}) != {threshold}:\n  - invalid format: positive percentage point,"Checks if the invalid count for {column_name} is not equal to the given {threshold}, ensuring the format is not a positive percentage with a period (.) decimal indicator."
906,invalid_count({column_name}) <> {threshold}:\n  - invalid format: positive percentage point,"Checks if the invalid count for {column_name} is not equal to the given {threshold}, ensuring the format is not a positive percentage with a period (.) decimal indicator."
907,invalid_count({column_name}) between {threshold}:\n  - invalid format: positive percentage point,"Checks if the invalid count for {column_name} is between the given {threshold}, ensuring the format is not a positive percentage with a period (.) decimal indicator."
908,invalid_count({column_name}) not between {threshold}:\n  - invalid format: positive percentage point,"Checks if the invalid count for {column_name} is not between the given {threshold}, ensuring the format is not a positive percentage with a period (.) decimal indicator."
909,invalid_count({column_name}) = {threshold}:\n  - invalid format: time 12h,"Checks if the invalid count for {column_name} is not equal to the given {threshold}, ensuring the format is not 12-hour clock: hh:mm:ss"
910,invalid_count({column_name}) < {threshold}:\n  - invalid format: time 12h,"Checks if the invalid count for {column_name} is less than the given {threshold}, ensuring the format is not 12-hour clock: hh:mm:ss"
911,invalid_count({column_name}) > {threshold}:\n  - invalid format: time 12h,"Checks if the invalid count for {column_name} is exceeds the given {threshold}, ensuring the format is not 12-hour clock: hh:mm:ss"
912,invalid_count({column_name}) <= {threshold}:\n  - invalid format: time 12h,"Checks if the invalid count for {column_name} is less or falls within the given {threshold}, ensuring the format is not 12-hour clock: hh:mm:ss"
913,invalid_count({column_name}) >= {threshold}:\n  - invalid format: time 12h,"Checks if the invalid count for {column_name} exceeds or falls within the given {threshold}, ensuring the format is not 12-hour clock: hh:mm:ss"
914,invalid_count({column_name}) != {threshold}:\n  - invalid format: time 12h,"Checks if the invalid count for {column_name} is not equal to the given {threshold}, ensuring the format is not 12-hour clock: hh:mm:ss"
915,invalid_count({column_name}) <> {threshold}:\n  - invalid format: time 12h,"Checks if the invalid count for {column_name} is not equal to the given {threshold}, ensuring the format is not 12-hour clock: hh:mm:ss"
916,invalid_count({column_name}) between {threshold}:\n  - invalid format: time 12h,"Checks if the invalid count for {column_name} is between the given {threshold}, ensuring the format is not 12-hour clock: hh:mm:ss"
917,invalid_count({column_name}) not between {threshold}:\n  - invalid format: time 12h,"Checks if the invalid count for {column_name} is not between the given {threshold}, ensuring the format is not 12-hour clock: hh:mm:ss"
918,invalid_count({column_name}) = {threshold}:\n  - invalid format: time 12h nosec,"Checks if the invalid count for {column_name} is not equal to the given {threshold}, ensuring the format is not 12-hour clock: hh:mm"
919,invalid_count({column_name}) < {threshold}:\n  - invalid format: time 12h nosec,"Checks if the invalid count for {column_name} is less than the given {threshold}, ensuring the format is not 12-hour clock: hh:mm"
920,invalid_count({column_name}) > {threshold}:\n  - invalid format: time 12h nosec,"Checks if the invalid count for {column_name} is exceeds the given {threshold}, ensuring the format is not 12-hour clock: hh:mm"
921,invalid_count({column_name}) <= {threshold}:\n  - invalid format: time 12h nosec,"Checks if the invalid count for {column_name} is less or falls within the given {threshold}, ensuring the format is not 12-hour clock: hh:mm"
922,invalid_count({column_name}) >= {threshold}:\n  - invalid format: time 12h nosec,"Checks if the invalid count for {column_name} exceeds or falls within the given {threshold}, ensuring the format is not 12-hour clock: hh:mm"
923,invalid_count({column_name}) != {threshold}:\n  - invalid format: time 12h nosec,"Checks if the invalid count for {column_name} is not equal to the given {threshold}, ensuring the format is not 12-hour clock: hh:mm"
924,invalid_count({column_name}) <> {threshold}:\n  - invalid format: time 12h nosec,"Checks if the invalid count for {column_name} is not equal to the given {threshold}, ensuring the format is not 12-hour clock: hh:mm"
925,invalid_count({column_name}) between {threshold}:\n  - invalid format: time 12h nosec,"Checks if the invalid count for {column_name} is between the given {threshold}, ensuring the format is not 12-hour clock: hh:mm"
926,invalid_count({column_name}) not between {threshold}:\n  - invalid format: time 12h nosec,"Checks if the invalid count for {column_name} is not between the given {threshold}, ensuring the format is not 12-hour clock: hh:mm"
927,invalid_count({column_name}) = {threshold}:\n  - invalid format: time 24h,"Checks if the invalid count for {column_name} is not equal to the given {threshold}, ensuring the format is not 24-hour clock : hh:mm:ss"
928,invalid_count({column_name}) < {threshold}:\n  - invalid format: time 24h,"Checks if the invalid count for {column_name} is less than the given {threshold}, ensuring the format is not 24-hour clock : hh:mm:ss"
929,invalid_count({column_name}) > {threshold}:\n  - invalid format: time 24h,"Checks if the invalid count for {column_name} is exceeds the given {threshold}, ensuring the format is not 24-hour clock : hh:mm:ss"
930,invalid_count({column_name}) <= {threshold}:\n  - invalid format: time 24h,"Checks if the invalid count for {column_name} is less or falls within the given {threshold}, ensuring the format is not 24-hour clock : hh:mm:ss"
931,invalid_count({column_name}) >= {threshold}:\n  - invalid format: time 24h,"Checks if the invalid count for {column_name} exceeds or falls within the given {threshold}, ensuring the format is not 24-hour clock : hh:mm:ss"
932,invalid_count({column_name}) != {threshold}:\n  - invalid format: time 24h,"Checks if the invalid count for {column_name} is not equal to the given {threshold}, ensuring the format is not 24-hour clock : hh:mm:ss"
933,invalid_count({column_name}) <> {threshold}:\n  - invalid format: time 24h,"Checks if the invalid count for {column_name} is not equal to the given {threshold}, ensuring the format is not 24-hour clock : hh:mm:ss"
934,invalid_count({column_name}) between {threshold}:\n  - invalid format: time 24h,"Checks if the invalid count for {column_name} is between the given {threshold}, ensuring the format is not 24-hour clock : hh:mm:ss"
935,invalid_count({column_name}) not between {threshold}:\n  - invalid format: time 24h,"Checks if the invalid count for {column_name} is not between the given {threshold}, ensuring the format is not 24-hour clock : hh:mm:ss"
936,invalid_count({column_name}) = {threshold}:\n  - invalid format: time 24h nosec,"Checks if the invalid count for {column_name} is not equal to the given {threshold}, ensuring the format is not 24-hour clock: hh:mm"
937,invalid_count({column_name}) < {threshold}:\n  - invalid format: time 24h nosec,"Checks if the invalid count for {column_name} is less than the given {threshold}, ensuring the format is not 24-hour clock: hh:mm"
938,invalid_count({column_name}) > {threshold}:\n  - invalid format: time 24h nosec,"Checks if the invalid count for {column_name} is exceeds the given {threshold}, ensuring the format is not 24-hour clock: hh:mm"
939,invalid_count({column_name}) <= {threshold}:\n  - invalid format: time 24h nosec,"Checks if the invalid count for {column_name} is less or falls within the given {threshold}, ensuring the format is not 24-hour clock: hh:mm"
940,invalid_count({column_name}) >= {threshold}:\n  - invalid format: time 24h nosec,"Checks if the invalid count for {column_name} exceeds or falls within the given {threshold}, ensuring the format is not 24-hour clock: hh:mm"
941,invalid_count({column_name}) != {threshold}:\n  - invalid format: time 24h nosec,"Checks if the invalid count for {column_name} is not equal to the given {threshold}, ensuring the format is not 24-hour clock: hh:mm"
942,invalid_count({column_name}) <> {threshold}:\n  - invalid format: time 24h nosec,"Checks if the invalid count for {column_name} is not equal to the given {threshold}, ensuring the format is not 24-hour clock: hh:mm"
943,invalid_count({column_name}) between {threshold}:\n  - invalid format: time 24h nosec,"Checks if the invalid count for {column_name} is between the given {threshold}, ensuring the format is not 24-hour clock: hh:mm"
944,invalid_count({column_name}) not between {threshold}:\n  - invalid format: time 24h nosec,"Checks if the invalid count for {column_name} is not between the given {threshold}, ensuring the format is not 24-hour clock: hh:mm"
945,invalid_count({column_name}) = {threshold}:\n  - invalid format: timestamp 12h,"Checks if the invalid count for {column_name} is not equal to the given {threshold}, ensuring the format is not a timestamp with 12-hour clock format: hh:mm:ss"
946,invalid_count({column_name}) < {threshold}:\n  - invalid format: timestamp 12h,"Checks if the invalid count for {column_name} is less than the given {threshold}, ensuring the format is not a timestamp with 12-hour clock format: hh:mm:ss"
947,invalid_count({column_name}) > {threshold}:\n  - invalid format: timestamp 12h,"Checks if the invalid count for {column_name} is exceeds the given {threshold}, ensuring the format is not a timestamp with 12-hour clock format: hh:mm:ss"
948,invalid_count({column_name}) <= {threshold}:\n  - invalid format: timestamp 12h,"Checks if the invalid count for {column_name} is less or falls within the given {threshold}, ensuring the format is not a timestamp with 12-hour clock format: hh:mm:ss"
949,invalid_count({column_name}) >= {threshold}:\n  - invalid format: timestamp 12h,"Checks if the invalid count for {column_name} exceeds or falls within the given {threshold}, ensuring the format is not a timestamp with 12-hour clock format: hh:mm:ss"
950,invalid_count({column_name}) != {threshold}:\n  - invalid format: timestamp 12h,"Checks if the invalid count for {column_name} is not equal to the given {threshold}, ensuring the format is not a timestamp with 12-hour clock format: hh:mm:ss"
951,invalid_count({column_name}) <> {threshold}:\n  - invalid format: timestamp 12h,"Checks if the invalid count for {column_name} is not equal to the given {threshold}, ensuring the format is not a timestamp with 12-hour clock format: hh:mm:ss"
952,invalid_count({column_name}) between {threshold}:\n  - invalid format: timestamp 12h,"Checks if the invalid count for {column_name} is between the given {threshold}, ensuring the format is not a timestamp with 12-hour clock format: hh:mm:ss"
953,invalid_count({column_name}) not between {threshold}:\n  - invalid format: timestamp 12h,"Checks if the invalid count for {column_name} is not between the given {threshold}, ensuring the format is not a timestamp with 12-hour clock format: hh:mm:ss"
954,invalid_count({column_name}) = {threshold}:\n  - invalid format: timestamp 24h,"Checks if the invalid count for {column_name} is not equal to the given {threshold}, ensuring the format is not a timestamp with 24-hour clock format: hh:mm:ss"
955,invalid_count({column_name}) < {threshold}:\n  - invalid format: timestamp 24h,"Checks if the invalid count for {column_name} is less than the given {threshold}, ensuring the format is not a timestamp with 24-hour clock format: hh:mm:ss"
956,invalid_count({column_name}) > {threshold}:\n  - invalid format: timestamp 24h,"Checks if the invalid count for {column_name} is exceeds the given {threshold}, ensuring the format is not a timestamp with 24-hour clock format: hh:mm:ss"
957,invalid_count({column_name}) <= {threshold}:\n  - invalid format: timestamp 24h,"Checks if the invalid count for {column_name} is less or falls within the given {threshold}, ensuring the format is not a timestamp with 24-hour clock format: hh:mm:ss"
958,invalid_count({column_name}) >= {threshold}:\n  - invalid format: timestamp 24h,"Checks if the invalid count for {column_name} exceeds or falls within the given {threshold}, ensuring the format is not a timestamp with 24-hour clock format: hh:mm:ss"
959,invalid_count({column_name}) != {threshold}:\n  - invalid format: timestamp 24h,"Checks if the invalid count for {column_name} is not equal to the given {threshold}, ensuring the format is not a timestamp with 24-hour clock format: hh:mm:ss"
960,invalid_count({column_name}) <> {threshold}:\n  - invalid format: timestamp 24h,"Checks if the invalid count for {column_name} is not equal to the given {threshold}, ensuring the format is not a timestamp with 24-hour clock format: hh:mm:ss"
961,invalid_count({column_name}) between {threshold}:\n  - invalid format: timestamp 24h,"Checks if the invalid count for {column_name} is between the given {threshold}, ensuring the format is not a timestamp with 24-hour clock format: hh:mm:ss"
962,invalid_count({column_name}) not between {threshold}:\n  - invalid format: timestamp 24h,"Checks if the invalid count for {column_name} is not between the given {threshold}, ensuring the format is not a timestamp with 24-hour clock format: hh:mm:ss"
963,invalid_count({column_name}) = {threshold}:\n  - invalid format: uuid,"Checks if the invalid count for {column_name} is not equal to the given {threshold}, ensuring the format is not is an standard Universally unique identifier."
964,invalid_count({column_name}) < {threshold}:\n  - invalid format: uuid,"Checks if the invalid count for {column_name} is less than the given {threshold}, ensuring the format is not is an standard Universally unique identifier."
965,invalid_count({column_name}) > {threshold}:\n  - invalid format: uuid,"Checks if the invalid count for {column_name} is exceeds the given {threshold}, ensuring the format is not is an standard Universally unique identifier."
966,invalid_count({column_name}) <= {threshold}:\n  - invalid format: uuid,"Checks if the invalid count for {column_name} is less or falls within the given {threshold}, ensuring the format is not is an standard Universally unique identifier."
967,invalid_count({column_name}) >= {threshold}:\n  - invalid format: uuid,"Checks if the invalid count for {column_name} exceeds or falls within the given {threshold}, ensuring the format is not is an standard Universally unique identifier."
968,invalid_count({column_name}) != {threshold}:\n  - invalid format: uuid,"Checks if the invalid count for {column_name} is not equal to the given {threshold}, ensuring the format is not is an standard Universally unique identifier."
969,invalid_count({column_name}) <> {threshold}:\n  - invalid format: uuid,"Checks if the invalid count for {column_name} is not equal to the given {threshold}, ensuring the format is not is an standard Universally unique identifier."
970,invalid_count({column_name}) between {threshold}:\n  - invalid format: uuid,"Checks if the invalid count for {column_name} is between the given {threshold}, ensuring the format is not is an standard Universally unique identifier."
971,invalid_count({column_name}) not between {threshold}:\n  - invalid format: uuid,"Checks if the invalid count for {column_name} is not between the given {threshold}, ensuring the format is not is an standard Universally unique identifier."
972,invalid_count({column_name}) = {threshold}:\n  - valid regex: (regex_pattern),"Checks if the invalid count for {column_name} is equal to the given {threshold}, ensuring the value match the regex pattern "
973,invalid_count({column_name}) < {threshold}:\n  - valid regex: (regex_pattern),"Checks if the invalid count for {column_name} is less than the given {threshold}, ensuring the value does not match the regex pattern "
974,invalid_count({column_name}) > {threshold}:\n  - valid regex: (regex_pattern),"Checks if the invalid count for {column_name} is exceeds the given {threshold}, ensuring the value does not match the regex pattern "
975,invalid_count({column_name}) <= {threshold}:\n  - valid regex: (regex_pattern),"Checks if the invalid count for {column_name} is less or falls within the given {threshold}, ensuring the value does not match the regex pattern "
976,invalid_count({column_name}) >= {threshold}:\n  - valid regex: (regex_pattern),"Checks if the invalid count for {column_name} exceeds or falls within the given {threshold}, ensuring the value does not match the regex pattern "
977,invalid_count({column_name}) != {threshold}:\n  - valid regex: (regex_pattern),"Checks if the invalid count for {column_name} is not equal to the given {threshold}, ensuring the value does not match the regex pattern "
978,invalid_count({column_name}) <> {threshold}:\n  - valid regex: (regex_pattern),"Checks if the invalid count for {column_name} is not equal to the given {threshold}, ensuring the value does not match the regex pattern "
979,invalid_count({column_name}) between {threshold}:\n  - valid regex: (regex_pattern),"Checks if the invalid count for {column_name} is between the given {threshold}, ensuring the value does not match the regex pattern "
980,invalid_count({column_name}) not between {threshold}:\n  - valid regex: (regex_pattern),"Checks if the invalid count for {column_name} is not between the given {threshold}, ensuring the value does not match the regex pattern "
981,invalid_count({column_name}) = {threshold}:\n  - invalid values: [list_of_invalid values],"Checks if the invalid count for {column_name} is equal to the given {threshold}, ensuring the data in the column does not match any value from [list_of_invalid values]. "
982,invalid_count({column_name}) < {threshold}:\n  - invalid values: [list_of_invalid values],"Checks if the invalid count for {column_name} is less than the given {threshold}, ensuring the data in the column does not match any value from [list_of_invalid values]. "
983,invalid_count({column_name}) > {threshold}:\n  - invalid values: [list_of_invalid values],"Checks if the invalid count for {column_name} is exceeds the given {threshold}, ensuring the data in the column does not match any value from [list_of_invalid values]. "
984,invalid_count({column_name}) <= {threshold}:\n  - invalid values: [list_of_invalid values],"Checks if the invalid count for {column_name} is less or falls within the given {threshold}, ensuring the data in the column does not match any value from [list_of_invalid values]. "
985,invalid_count({column_name}) >= {threshold}:\n  - invalid values: [list_of_invalid values],"Checks if the invalid count for {column_name} exceeds or falls within the given {threshold}, ensuring the data in the column does not match any value from [list_of_invalid values]. "
986,invalid_count({column_name}) != {threshold}:\n  - invalid values: [list_of_invalid values],"Checks if the invalid count for {column_name} is not equal to the given {threshold}, ensuring the data in the column does not match any value from [list_of_invalid values]. "
987,invalid_count({column_name}) <> {threshold}:\n  - invalid values: [list_of_invalid values],"Checks if the invalid count for {column_name} is not equal to the given {threshold}, ensuring the data in the column does not match any value from [list_of_invalid values]. "
988,invalid_count({column_name}) between {threshold}:\n  - invalid values: [list_of_invalid values],"Checks if the invalid count for {column_name} is between the given {threshold}, ensuring the data in the column does not match any value from [list_of_invalid values]. "
989,invalid_count({column_name}) not between {threshold}:\n  - invalid values: [list_of_invalid values],"Checks if the invalid count for {column_name} is not between the given {threshold}, ensuring the data in the column does not match any value from [list_of_invalid values]. "
1,avg({column_name}) = {value},Checks if the average value in the {column_name} column is equal to {value}.
2,avg({column_name}) < {value},Checks if the average value in the {column_name} column is less than {value}.
3,avg({column_name}) > {value},Checks if the average value in the {column_name} column is greater than {value}.
4,avg({column_name}) <= {value},Checks if the average value in the {column_name} column is less than or equal to {value}.
5,avg({column_name}) >= {value},Checks if the average value in the {column_name} column is greater than or equal to {value}.
6,avg({column_name}) != {value},Checks if the average value in the {column_name} column is not equal to {value}.
7,avg({column_name}) <> {value},Checks if the average value in the {column_name} column is not equal to {value} (alternative syntax).
8,avg({column_name}) between {min_value} and {max_value},Checks if the average value in the {column_name} column is between {min_value} and {max_value}.
9,avg({column_name}) not between {min_value} and {max_value},Checks if the average value in the {column_name} column is not between {min_value} and {max_value}.
10,max({column_name}) = {value},Checks if the maximum value in the {column_name} column is equal to {value}.
11,max({column_name}) < {value},Checks if the maximum value in the {column_name} column is less than {value}.
12,max({column_name}) > {value},Checks if the maximum value in the {column_name} column is greater than {value}.
13,max({column_name}) <= {value},Checks if the maximum value in the {column_name} column is less than or equal to {value}.
14,max({column_name}) >= {value},Checks if the maximum value in the {column_name} column is greater than or equal to {value}.
15,max({column_name}) != {value},Checks if the maximum value in the {column_name} column is not equal to {value}.
16,max({column_name}) <> {value},Checks if the maximum value in the {column_name} column is not equal to {value} (alternative syntax).
17,max({column_name}) between {min_value} and {max_value},Checks if the maximum value in the {column_name} column is between {min_value} and {max_value}.
18,max({column_name}) not between {min_value} and {max_value},Checks if the maximum value in the {column_name} column is not between {min_value} and {max_value}.
19,min({column_name}) = {value},Checks if the minimum value in the {column_name} column is equal to {value}.
20,min({column_name}) < {value},Checks if the minimum value in the {column_name} column is less than {value}.
21,min({column_name}) > {value},Checks if the minimum value in the {column_name} column is greater than {value}.
22,min({column_name}) <= {value},Checks if the minimum value in the {column_name} column is less than or equal to {value}.
23,min({column_name}) >= {value},Checks if the minimum value in the {column_name} column is greater than or equal to {value}.
24,min({column_name}) != {value},Checks if the minimum value in the {column_name} column is not equal to {value}.
25,min({column_name}) <> {value},Checks if the minimum value in the {column_name} column is not equal to {value} (alternative syntax).
26,min({column_name}) between {min_value} and {max_value},Checks if the minimum value in the {column_name} column is between {min_value} and {max_value}.
27,min({column_name}) not between {min_value} and {max_value},Checks if the minimum value in the {column_name} column is not between {min_value} and {max_value}.
28,sum({column_name}) = {value},Checks if the sum of the values in the {column_name} column is equal to {value}.
29,sum({column_name}) < {value},Checks if the sum of the values in the {column_name} column is less than {value}.
30,sum({column_name}) > {value},Checks if the sum of the values in the {column_name} column is greater than {value}.
31,sum({column_name}) <= {value},Checks if the sum of the values in the {column_name} column is less than or equal to {value}.
32,sum({column_name}) >= {value},Checks if the sum of the values in the {column_name} column is greater than or equal to {value}.
33,sum({column_name}) != {value},Checks if the sum of the values in the {column_name} column is not equal to {value}.
34,sum({column_name}) <> {value},Checks if the sum of the values in the {column_name} column is not equal to {value} (alternative syntax).
35,sum({column_name}) between {min_value} and {max_value},Checks if the sum of the values in the {column_name} column is between {min_value} and {max_value}.
36,sum({column_name}) not between {min_value} and {max_value},Checks if the sum of the values in the {column_name} column is not between {min_value} and {max_value}.
37,max_length({column_name}) <= {max_length},Checks if the maximum length of values in the specified column {column_name} is less than or equal to {max_length}.
38,max_length({column_name}) = {max_length},Checks if the maximum length of values in the specified column {column_name} is equal to {max_length}.
39,max_length({column_name}) >= {max_length},Checks if the maximum length of values in the specified column {column_name} is greater than or equal to {max_length}.
40,max_length({column_name}) > {max_length},Checks if the maximum length of values in the specified column {column_name} is greater than {max_length}.
41,max_length({column_name}) < {max_length},Checks if the maximum length of values in the specified column {column_name} is less than {max_length}.
42,min_length({column_name}) = {min_length},Checks if the minimum length of values in the specified column {column_name} is exactly equal to {min_length}.
43,min_length({column_name}) <= {min_length},Checks if the minimum length of values in the specified column {column_name} is less than or equal to {min_length}.
44,min_length({column_name}) < {min_length},Checks if the minimum length of values in the specified column {column_name} is less than {min_length}.
45,min_length({column_name}) > {min_length},Checks if the minimum length of values in the specified column {column_name} is greater than {min_length}.
46,min_length({column_name}) >= {min_length},Checks if the minimum length of values in the specified column {column_name} is greater than or equal to {min_length}.
47,row_count between {min_value} and {max_value},Checks if the total number of rows is between {min_value} and {max_value} (inclusive).
48,row_count not between {min_value} and {max_value},Checks if the total number of rows is not between {min_value} and {max_value} (exclusive of the range).
49,row_count = {value},Checks if the total number of rows is exactly equal to {value}.
50,row_count > {value},Checks if the total number of rows is greater than {value}.
51,row_count >= {value},Checks if the total number of rows is greater than or equal to {value}.
52,row_count < {value},Checks if the total number of rows is less than {value}.
53,row_count <= {value},Checks if the total number of rows is less than or equal to {value}.
54,min({column_name}) = {min_value},Checks if the minimum value in the specified column {column_name} is exactly equal to {min_value}.
55,min({column_name}) <= {min_value},Checks if the minimum value in the specified column {column_name} is less than or equal to {min_value}.
56,min({column_name}) < {min_value},Checks if the minimum value in the specified column {column_name} is less than {min_value}.
57,min({column_name}) > {min_value},Checks if the minimum value in the specified column {column_name} is greater than {min_value}.
58,min({column_name}) >= {min_value},Checks if the minimum value in the specified column {column_name} is greater than or equal to {min_value}.
59,missing_count({column_name}) = {max_nulls},Checks if the number of missing (null) values in the specified column {column_name} is exactly equal to {max_nulls}.
60,missing_count({column_name}) <= {max_nulls},Checks if the number of missing (null) values in the specified column {column_name} is less than or equal to {max_nulls}.
61,missing_count({column_name}) < {max_nulls},Checks if the number of missing (null) values in the specified column {column_name} is less than {max_nulls}.
62,missing_count({column_name}) > {max_nulls},Checks if the number of missing (null) values in the specified column {column_name} is greater than {max_nulls}.
63,missing_count({column_name}) >= {max_nulls},Checks if the number of missing (null) values in the specified column {column_name} is greater than or equal to {max_nulls}.
64,missing_percent({column_name}) = {percentage_value},Checks if the percentage of missing (null) values in the specified column {column_name} is exactly equal to {percentage_value}.
65,missing_percent({column_name}) <= {percentage_value},Checks if the percentage of missing (null) values in the specified column {column_name} is less than or equal to {percentage_value}.
66,missing_percent({column_name}) < {percentage_value},Checks if the percentage of missing (null) values in the specified column {column_name} is less than {percentage_value}.
67,missing_percent({column_name}) > {percentage_value},Checks if the percentage of missing (null) values in the specified column {column_name} is greater than {percentage_value}.
68,missing_percent({column_name}) >= {percentage_value},Checks if the percentage of missing (null) values in the specified column {column_name} is greater than or equal to {percentage_value}.
69,freshness({column_name}) < {threshold},Checks if the freshness of the data in the {column_name} column is less than the specified {threshold}.
70,freshness({column_name}) <= {threshold},Checks if the freshness of the data in the {column_name} column is less than or equal to the specified {threshold}.
71,freshness({column_name}) = {threshold},Checks if the freshness of the data in the {column_name} column is exactly equal to the specified {threshold}.
72,freshness({column_name}) > {threshold},Checks if the freshness of the data in the {column_name} column is greater than the specified {threshold}.
73,freshness({column_name}) >= {threshold},Checks if the freshness of the data in the {column_name} column is greater than or equal to the specified {threshold}.
74,freshness({column_name}) between {min_threshold} and {max_threshold},Checks if the freshness of the data in the {column_name} column is between the specified {min_threshold} and {max_threshold}.
75,freshness({column_name}) not between {min_threshold} and {max_threshold},Checks if the freshness of the data in the {column_name} column is not between the specified {min_threshold} and {max_threshold}.
76,duplicate_count({column_name}) = {value},Checks if the number of duplicate values in the {column_name} column is exactly equal to {value}.
77,duplicate_count({column_name}) <= {value},Checks if the number of duplicate values in the {column_name} column is less than or equal to {value}.
78,duplicate_count({column_name}) < {value},Checks if the number of duplicate values in the {column_name} column is less than {value}.
79,duplicate_count({column_name}) > {value},Checks if the number of duplicate values in the {column_name} column is greater than {value}.
80,duplicate_count({column_name}) >= {value},Checks if the number of duplicate values in the {column_name} column is greater than or equal to {value}.
81,duplicate_count({column_name}) between {min_value} and {max_value},Checks if the number of duplicate values in the {column_name} column is between {min_value} and {max_value}.
82,duplicate_count({column_name}) not between {min_value} and {max_value},Checks if the number of duplicate values in the {column_name} column is not between {min_value} and {max_value}.
83,duplicate_percent({column_name}) = {value},Checks if the percentage of duplicate values in the {column_name} column is exactly equal to {value}.
84,duplicate_percent({column_name}) <= {value},Checks if the percentage of duplicate values in the {column_name} column is less than or equal to {value}.
85,duplicate_percent({column_name}) < {value},Checks if the percentage of duplicate values in the {column_name} column is less than {value}.
86,duplicate_percent({column_name}) > {value},Checks if the percentage of duplicate values in the {column_name} column is greater than {value}.
87,duplicate_percent({column_name}) >= {value},Checks if the percentage of duplicate values in the {column_name} column is greater than or equal to {value}.
88,duplicate_percent({column_name}) between {min_value} and {max_value},Checks if the percentage of duplicate values in the {column_name} column is between {min_value} and {max_value}.
89,duplicate_percent({column_name}) not between {min_value} and {max_value},Checks if the percentage of duplicate values in the {column_name} column is not between {min_value} and {max_value}.
90,avg_length({column_name}) = {value},Checks if the average length of values in the {column_name} column is equal to {value}.
91,avg_length({column_name}) <= {value},Checks if the average length of values in the {column_name} column is less than or equal to {value}.
92,avg_length({column_name}) < {value},Checks if the average length of values in the {column_name} column is less than {value}.
93,avg_length({column_name}) > {value},Checks if the average length of values in the {column_name} column is greater than {value}.
94,avg_length({column_name}) >= {value},Checks if the average length of values in the {column_name} column is greater than or equal to {value}.
95,"percentile({column_name}, {percentile_value}) = {value}",Checks if the percentile in the {column_name} column is equal to {value}.
96,"percentile({column_name}, {percentile_value}) <= {value}",Checks if the percentile in the {column_name} column is less than or equal to {value}.
97,"percentile({column_name}, {percentile_value}) < {value}",Checks if the percentile in the {column_name} column is less than {value}.
98,"percentile({column_name}, {percentile_value}) > {value}",Checks if the percentile in the {column_name} column is greater than {value}.
99,"percentile({column_name}, {percentile_value}) >= {value}",Checks if the percentile in the {column_name} column is greater than or equal to {value}.
100,stddev({column_name}) = {value},Checks if the standard deviation of values in the {column_name} column is equal to {value}.
101,stddev({column_name}) <= {value},Checks if the standard deviation of values in the {column_name} column is less than or equal to {value}.
102,stddev({column_name}) < {value},Checks if the standard deviation of values in the {column_name} column is less than {value}.
103,stddev({column_name}) > {value},Checks if the standard deviation of values in the {column_name} column is greater than {value}.
104,stddev({column_name}) >= {value},Checks if the standard deviation of values in the {column_name} column is greater than or equal to {value}.
105,stddev_pop({column_name}) = {value},Checks if the population standard deviation of values in the {column_name} column is equal to {value}.
106,stddev_pop({column_name}) <= {value},Checks if the population standard deviation of values in the {column_name} column is less than or equal to {value}.
107,stddev_pop({column_name}) < {value},Checks if the population standard deviation of values in the {column_name} column is less than {value}.
108,stddev_pop({column_name}) > {value},Checks if the population standard deviation of values in the {column_name} column is greater than {value}.
109,stddev_pop({column_name}) >= {value},Checks if the population standard deviation of values in the {column_name} column is greater than or equal to {value}.
110,stddev_samp({column_name}) = {value},Checks if the sample standard deviation of values in the {column_name} column is equal to {value}.
111,stddev_samp({column_name}) <= {value},Checks if the sample standard deviation of values in the {column_name} column is less than or equal to {value}.
112,stddev_samp({column_name}) < {value},Checks if the sample standard deviation of values in the {column_name} column is less than {value}.
113,stddev_samp({column_name}) > {value},Checks if the sample standard deviation of values in the {column_name} column is greater than {value}.
114,stddev_samp({column_name}) >= {value},Checks if the sample standard deviation of values in the {column_name} column is greater than or equal to {value}.
115,variance({column_name}) = {value},Checks if the variance of values in the {column_name} column is equal to {value}.
116,variance({column_name}) <= {value},Checks if the variance of values in the {column_name} column is less than or equal to {value}.
117,variance({column_name}) < {value},Checks if the variance of values in the {column_name} column is less than {value}.
118,variance({column_name}) > {value},Checks if the variance of values in the {column_name} column is greater than {value}.
119,variance({column_name}) >= {value},Checks if the variance of values in the {column_name} column is greater than or equal to {value}.
120,var_pop({column_name}) = {value},Checks if the population variance of values in the {column_name} column is equal to {value}.
121,var_pop({column_name}) <= {value},Checks if the population variance of values in the {column_name} column is less than or equal to {value}.
122,var_pop({column_name}) < {value},Checks if the population variance of values in the {column_name} column is less than {value}.
123,var_pop({column_name}) > {value},Checks if the population variance of values in the {column_name} column is greater than {value}.
124,var_pop({column_name}) >= {value},Checks if the population variance of values in the {column_name} column is greater than or equal to {value}.
125,var_samp({column_name}) = {value},Checks if the sample variance of values in the {column_name} column is equal to {value}.
126,var_samp({column_name}) <= {value},Checks if the sample variance of values in the {column_name} column is less than or equal to {value}.
127,var_samp({column_name}) < {value},Checks if the sample variance of values in the {column_name} column is less than {value}.
128,var_samp({column_name}) > {value},Checks if the sample variance of values in the {column_name} column is greater than {value}.
129,var_samp({column_name}) >= {value},Checks if the sample variance of values in the {column_name} column is greater than or equal to {value}.
130,invalid_count({column_name}) = 0:\n  - valid format: credit card number,Validates that the data in the column that contain standard credit card numbers.
131,invalid_count({column_name}) = 0:\n  - valid format: date eu,Validates that the data in the column follows the date format: dd/mm/yyyy (excluding time)
132,invalid_count({column_name}) = 0:\n  - valid format: date inverse,Validates that the data in the column follows the date format: yyyy/mm/dd (excluding time).
133,invalid_count({column_name}) = 0:\n  - valid format: date iso 8601,"Validates that the data in the column follows the ISO 8601 format for date and/or time, such as: YYYY-MM-DDTHH:MM+HH"
134,invalid_count({column_name}) = 0:\n  - valid format: date us,Validates that the data in the column follows the date format: mm/dd/yyyy (excluding time).
135,invalid_count({column_name}) = 0:\n  - valid format: decimal,"Validates that the number in the column uses either a comma (,) or a period (.) as the decimal separator."
136,invalid_count({column_name}) = 0:\n  - valid format: decimal comma,"Validates that the number in the column uses a comma (,) as the decimal separator."
137,invalid_count({column_name}) = 0:\n  - valid format: decimal point,Validates that the number in the column uses a period (.) as the decimal separator.
138,invalid_count({column_name}) = 0:\n  - valid format: email,Validates that the data in the column follows the format: name@domain.extension.
139,invalid_count({column_name}) = 0:\n  - valid format: integer,Validates that the data in the column contains only integers.
140,invalid_count({column_name}) = 0:\n  - valid format: ip address,Validates that the data in the column is an standard IP address: Four integers separated by periods (.)
141,invalid_count({column_name}) = 0:\n  - valid format: ipv4 address,Validates that the data in the column is a standard IPv4 address: Four integers separated by periods (.)
142,invalid_count({column_name}) = 0:\n  - valid format: ipv6 address,Validates that the data in the column is a standard IPv6 address: Eight values separated by colons (:)
143,invalid_count({column_name}) = 0:\n  - valid format: money,Validates that the data in the column follows the format: A money pattern with currency symbol + decimal point or comma + currency abbreviation.
144,invalid_count({column_name}) = 0:\n  - valid format: money comma,Validates that the data in the column follows the format: A money pattern with currency symbol + comma + currency abbreviation.
145,invalid_count({column_name}) = 0:\n  - valid format: money point,Validates that the data in the column follows the format: A money pattern with currency symbol + decimal point + currency abbreviation.
146,invalid_count({column_name}) = 0:\n  - valid format: negative decimal,"Validates that the data in the column follows the format: Number uses a comma (,) or a period (.) as a decimal indicator."
147,invalid_count({column_name}) = 0:\n  - valid format: negative decimal comma,"Validates that the data in the column follows the format: Number uses a comma (,) as a decimal indicator."
148,invalid_count({column_name}) = 0:\n  - valid format: negative decimal point,Validates that the data in the column follows the format: Number uses a period (.) as a decimal indicator.
149,invalid_count({column_name}) = 0:\n  - valid format: negative integer,Validates that the data in the column contains only negative integers.
150,invalid_count({column_name}) = 0:\n  - valid format: negative percentage,"Validates that the data in the column is a negative percentage and uses a comma (,) or a period (.) as a decimal indicator."
151,invalid_count({column_name}) = 0:\n  - valid format: negative percentage comma,"Validates that the data in the column is a negative percentage and uses a comma (,) as a decimal indicator."
152,invalid_count({column_name}) = 0:\n  - valid format: negative percentage point,Validates that the data in the column is a negative percentage and uses a period (.) as a decimal indicator.
153,invalid_count({column_name}) = 0:\n  - valid format: percentage comma,"Validates that the data in the column is a percentage and uses a comma (,) as a decimal indicator."
154,invalid_count({column_name}) = 0:\n  - valid format: percentage point,Validates that the data in the column is a percentage and uses a period (.) as a decimal indicator.
155,invalid_count({column_name}) = 0:\n  - valid format: percentage,"Validates that the data in the column is a percentage and uses a comma (,) or a period (.) as a decimal indicator."
156,invalid_count({column_name}) = 0:\n  - valid format: phone number,Validates that the data in the column is a standard phone number
157,invalid_count({column_name}) = 0:\n  - valid format: positive decimal,"Validates that the data in the column is a positive number and uses a comma (,) or a period (.) as a decimal indicator."
158,invalid_count({column_name}) = 0:\n  - valid format: positive decimal comma,"Validates that the data in the column is a positive number and uses a comma (,) as a decimal indicator."
159,invalid_count({column_name}) = 0:\n  - valid format: positive decimal point,Validates that the data in the column is a positive number and uses a period (.) as a decimal indicator.
160,invalid_count({column_name}) = 0:\n  - valid format: positive integer,Validates that the data in the column contains only positive integers.
161,invalid_count({column_name}) = 0:\n  - valid format: positive percentage,"Validates that the data in the column is a positive percentage and uses a comma (,) or a period (.) as a decimal indicator."
162,invalid_count({column_name}) = 0:\n  - valid format: positive percentage comma,"Validates that the data in the column is a positive percentage and uses a comma (,) as a decimal indicator."
163,invalid_count({column_name}) = 0:\n  - valid format: positive percentage point,Validates that the data in the column is a positive percentage and uses a period (.) as a decimal indicator.
164,invalid_count({column_name}) = 0:\n  - valid format: time 12h,Validates that the data in the column follows the 12-hour clock format: hh:mm:ss
165,invalid_count({column_name}) = 0:\n  - valid format: time 12h nosec,Validates that the data in the column follows the 12-hour clock format: hh:mm
166,invalid_count({column_name}) = 0:\n  - valid format: time 24h,Validates that the data in the column follows the 24-hour clock format: hh:mm:ss
167,invalid_count({column_name}) = 0:\n  - valid format: time 24h nosec,Validates that the data in the column follows the 24-hour clock format: hh:mm
168,invalid_count({column_name}) = 0:\n  - valid format: timestamp 12h,Validates that the data in the column follows the 12-hour clock format: hh:mm:ss
169,invalid_count({column_name}) = 0:\n  - valid format: timestamp 24h,Validates that the data in the column follows the 24-hour clock format: hh:mm:ss
170,invalid_count({column_name}) = 0:\n  - valid format: uuid,Validates that the data in the column follows the format of a universally unique identifier (UUID).
171,invalid_count({column_name}) = 0:\n  - valid regex: regex,Validates that the data in the column matches the regex condition
172,invalid_count({column_name}) = 0:\n  - valid values: {list_of_valid values},Validates that the data in the column matches any value from list_of_valid values
173,invalid_count({column_name}) = 0:\n  - invalid format: credit card number,Validates that the data in the column does not contain standard credit card numbers.
174,invalid_count({column_name}) = 0:\n  - invalid format: date eu,Validates that the data in the column does not follow the date format: dd/mm/yyyy (excluding time).
175,invalid_count({column_name}) = 0:\n  - invalid format: date inverse,Validates that the data in the column does not follow the date format: yyyy/mm/dd (excluding time).
176,invalid_count({column_name}) = 0:\n  - invalid format: date iso 8601,"Validates that the data in the column does not follow the ISO 8601 format for date and/or time, such as: YYYY-MM-DDTHH:MM+HH."
177,invalid_count({column_name}) = 0:\n  - invalid format: date us,Validates that the data in the column does not follow the date format: mm/dd/yyyy (excluding time).
178,invalid_count({column_name}) = 0:\n  - invalid format: decimal,"Validates that the number in the column does not use either a comma (,) or a period (.) as the decimal separator."
179,invalid_count({column_name}) = 0:\n  - invalid format: decimal comma,"Validates that the number in the column does not use a comma (,) as the decimal separator."
180,invalid_count({column_name}) = 0:\n  - invalid format: decimal point,Validates that the number in the column does not use a period (.) as the decimal separator.
181,invalid_count({column_name}) = 0:\n  - invalid format: email,Validates that the data in the column does not follow the format: name@domain.extension.
182,invalid_count({column_name}) = 0:\n  - invalid format: integer,Validates that the data in the column does not contain only integers.
183,invalid_count({column_name}) = 0:\n  - invalid format: ip address,Validates that the data in the column is not a standard IP address: Four integers separated by periods (.).
184,invalid_count({column_name}) = 0:\n  - invalid format: ipv4 address,Validates that the data in the column is not a standard IPv4 address: Four integers separated by periods (.).
185,invalid_count({column_name}) = 0:\n  - invalid format: ipv6 address,Validates that the data in the column is not a standard IPv6 address: Eight values separated by colons (:).
186,invalid_count({column_name}) = 0:\n  - invalid format: money,Validates that the data in the column does not follow the format: A money pattern with currency symbol + decimal point or comma + currency abbreviation.
187,invalid_count({column_name}) = 0:\n  - invalid format: money comma,Validates that the data in the column does not follow the format: A money pattern with currency symbol + comma + currency abbreviation.
188,invalid_count({column_name}) = 0:\n  - invalid format: money point,Validates that the data in the column does not follow the format: A money pattern with currency symbol + decimal point + currency abbreviation.
189,invalid_count({column_name}) = 0:\n  - invalid format: negative decimal,"Validates that the data in the column does not follow the format: Number uses a comma (,) or a period (.) as a decimal indicator."
190,invalid_count({column_name}) = 0:\n  - invalid format: negative decimal comma,"Validates that the data in the column does not follow the format: Number uses a comma (,) as a decimal indicator."
191,invalid_count({column_name}) = 0:\n  - invalid format: negative decimal point,Validates that the data in the column does not follow the format: Number uses a period (.) as a decimal indicator.
192,invalid_count({column_name}) = 0:\n  - invalid format: negative integer,Validates that the data in the column does not contain negative integers.
193,invalid_count({column_name}) = 0:\n  - invalid format: negative percentage,"Validates that the data in the column is not a negative percentage and does not use a comma (,) or a period (.) as a decimal indicator."
194,invalid_count({column_name}) = 0:\n  - invalid format: negative percentage comma,"Validates that the data in the column is not a negative percentage and does not use a comma (,) as a decimal indicator."
195,invalid_count({column_name}) = 0:\n  - invalid format: negative percentage point,Validates that the data in the column is not a negative percentage and does not use a period (.) as a decimal indicator.
196,invalid_count({column_name}) = 0:\n  - invalid format: percentage comma,"Validates that the data in the column is not a percentage and does not use a comma (,) as a decimal indicator."
197,invalid_count({column_name}) = 0:\n  - invalid format: percentage point,Validates that the data in the column is not a percentage and does not use a period (.) as a decimal indicator.
198,invalid_count({column_name}) = 0:\n  - invalid format: percentage,"Validates that the data in the column is not a percentage and does not use a comma (,) or a period (.) as a decimal indicator."
199,invalid_count({column_name}) = 0:\n  - invalid format: phone number,Validates that the data in the column is not a standard phone number.
200,invalid_count({column_name}) = 0:\n  - invalid format: positive decimal,"Validates that the data in the column is not a positive number and does not use a comma (,) or a period (.) as a decimal indicator."
201,invalid_count({column_name}) = 0:\n  - invalid format: positive decimal comma,"Validates that the data in the column is not a positive number and does not use a comma (,) as a decimal indicator."
202,invalid_count({column_name}) = 0:\n  - invalid format: positive decimal point,Validates that the data in the column is not a positive number and does not use a period (.) as a decimal indicator.
203,invalid_count({column_name}) = 0:\n  - invalid format: positive integer,Validates that the data in the column does not contain only positive integers.
204,invalid_count({column_name}) = 0:\n  - invalid format: positive percentage,"Validates that the data in the column is not a positive percentage and does not use a comma (,) or a period (.) as a decimal indicator."
205,invalid_count({column_name}) = 0:\n  - invalid format: positive percentage comma,"Validates that the data in the column is not a positive percentage and does not use a comma (,) as a decimal indicator."
206,invalid_count({column_name}) = 0:\n  - invalid format: positive percentage point,Validates that the data in the column is not a positive percentage and does not use a period (.) as a decimal indicator.
207,invalid_count({column_name}) = 0:\n  - invalid format: time 12h,Validates that the data in the column does not follow the 12-hour clock format: hh:mm:ss.
208,invalid_count({column_name}) = 0:\n  - invalid format: time 12h nosec,Validates that the data in the column does not follow the 12-hour clock format: hh:mm.
209,invalid_count({column_name}) = 0:\n  - invalid format: time 24h,Validates that the data in the column does not follow the 24-hour clock format: hh:mm:ss.
210,invalid_count({column_name}) = 0:\n  - invalid format: time 24h nosec,Validates that the data in the column does not follow the 24-hour clock format: hh:mm.
211,invalid_count({column_name}) = 0:\n  - invalid format: timestamp 12h,Validates that the data in the column does not follow the 12-hour clock format: hh:mm:ss.
212,invalid_count({column_name}) = 0:\n  - invalid format: timestamp 24h,Validates that the data in the column does not follow the 24-hour clock format: hh:mm:ss.
213,invalid_count({column_name}) = 0:\n  - invalid format: uuid,Validates that the data in the column does not follow the format of a universally unique identifier (UUID).
214,invalid_count({column_name}) = 0:\n  - valid regex: regex,Validates that the data in the column does not match the regex pattern.
215,invalid_count({column_name}) = 0:\n  - invalid values: {list_of_invalid values},Validates that the data in the column does not match any value from list_of_invalid values.